-5.336384126567603,4.712413922810997,3.1493614009282025,0.5546343155950956,-2.653538780682796,-5.57762432730254
4.433580896002053,1.5258387479340216,0.7383693504517695,-0.5504380135408673,7.943553480351859,-0.9486612170790322
0.4924786434809205,-2.10216959437082,7.334088516852417,2.8184749565654577,0.016338168117646743,0.35689176558761515
0.5371622893728765,-3.1413405051890684,-7.030462372359931,3.8174073441055736,3.5020035280432307,7.192772156100371
0.7294308459350544,-2.628520937565435,0.15179121425433537,0.09487058171632791,6.453246983851654,4.728171249585776
0.9726526212444211,-1.3548530777059522,-1.0581598352821475,1.876169971776453,-1.7554160224363315,-1.303970470683092
1.3946402882313529,-0.8444493331902948,-1.3398949224492795,3.905550229710874,-1.2298693386116768,-0.6574501394679638
1.9266293594627157,-0.6326247985485575,-1.1235351258567745,5.999707061262738,-0.8691295495161273,1.0062554810563693
2.5884300496054204,-0.553495516804112,0.9034571264080425,-0.35032302342626903,-0.41184718479579785,0.4491868721036462
2.572893034709297,-0.4025983495833328,2.522183488077652,-1.5184618706007917,-0.9801913837889709,0.20087751708561644
0.20852385384846922,0.2623215849241519,3.6644158541772933,-3.2815571681221862,-1.9938123533809586,-0.05051523072653227
-0.9301917985557514,0.8363168493446291,-4.698092287578592,-5.045311175477135,-4.40865249986477,0.36175678163138436
-1.2706178394279988,1.4175946390064627,-4.805047177829938,0.45857809864750054,1.0967537747719522,2.413889076900568
-0.2975080783047264,1.6265887519150095,4.3983809368193985,6.776760740547326,-1.144468739292955,2.9250348998957842
1.1584183441394098,1.6436179531791644,0.7680906223987392,-0.2603032765508675,2.5927820814221305,2.9542448111757866
2.4342482708618167,1.880524123247315,2.547281380239097,-1.128341069839791,4.397062582242838,3.4614809262773143
1.9461093067150823,0.3597522758016588,3.945984964768713,-2.6638925762536423,4.588007827530461,3.538181134426587
1.2316938990603068,-1.4343817717492588,2.785261388539096,-6.133189626736907,3.3462771270939013,2.489833611258696
0.5877995634935341,-2.4577482505199058,-8.07777993573561,0.1404005335711279,3.7030448398017737,2.5173167219274752
-1.0614635056375397,-0.8724286059346409,0.00657588796133655,-0.2579161834734687,6.153512414095711,5.112170279790177
-2.070441018691092,-0.23785176002089353,0.010082875814948274,0.09949037951128908,-0.008970251602438669,-0.09959686032294868
0.2901757551394294,0.07022758411837488,-0.6942218522520743,-7.969821580177042,2.4284450561943625,-2.964779932055954
2.1514799865606817,0.3196838299255061,1.2717981403606722,-7.781850655377389,0.7507897260897218,-2.560021954654463
0.4054274299659021,1.5770325150220568,-0.6030090528324369,-0.9521077051479663,0.9681478888263749,-0.28058474016261675
-1.6143400488909605,-0.004192157037280028,-1.652319161934888,-2.6253086270194594,-0.5194784038810251,0.13464646192550317
-2.204779414599545,-0.7063557536822064,-2.690454893804592,-4.3055059475516835,-0.6515977833181901,-0.4204679958749491
-0.06449527150115542,-0.1505785344004096,-3.712007272234805,-5.995974150284158,-1.499624193701723,-0.8323598653333797
0.2534541819723659,-0.2518129719791547,-3.219307160865819,-5.287560871126305,-5.228538682713582,0.04129696511375502
-1.4218280328379191,-1.0912362786549337,1.896456363537399,0.6224702894102673,-1.5990184729499028,-4.317291373434166
-0.8151805380479721,-1.078313110661585,3.516329772649101,1.8450652915226475,1.8381309474589709,-4.451452664882835
0.6844447391526074,-0.7868916534643295,4.22809033679632,4.180689907645572,0.92339253422458,-2.487284074776848
-0.7547031682125381,-1.5656149059520652,-0.10166353411067575,4.28007311909674,1.5672146410256818,-2.0395106489764814
-0.8624366729929897,-1.9815998732801972,-5.0454653420092965,1.7536363518062161,-0.32737250244749355,3.3142210224038005
0.24447695681142115,-2.14528075598836,-5.647373145951423,0.5807565885411613,1.7491356163929708,1.0826310951046958
-0.7157480477959878,-3.0416853261088224,1.6248126848114874,-1.0172869503122919,-3.38539301901257,-2.155576028292255
-1.361513532170417,-4.031453322449214,3.6018426599405484,-1.474582467355563,-1.6316631308764489,-0.8368736937315828
-2.048018415728978,-4.9736831099254655,5.795066913481116,-0.9159085479874212,-0.23235211734195238,-0.42602763662535864
-4.508217827214145,-3.7016723672392136,7.710067031191092,1.4324211582282773,3.3935029649687545,2.7285915390087
-6.472129942064355,-3.2426716388577916,4.645946310003558,4.602498296362138,1.072945764647554,2.4667283805877833
-7.401505160069013,-2.7059618899530817,-0.46260227232471274,5.382314494498676,-3.495743091216598,0.8192653078627472
-7.977197291514707,-0.6035920578092719,-1.8631022681683769,4.581124579320174,-5.914255719365389,0.7956608651539685
-7.872051229897113,-1.4250647121711104,1.5472563741775753,0.8367070649676989,-3.8739137530363785,-0.9700760290973898
-4.733099252066641,-4.412544983280304,3.3142876154762693,1.7199574418864698,-2.1518884619523453,-2.6411897067146026
5.110338479404852,2.5450189834093737,-3.5813133223861287,-2.4497797191156776,-4.41113977891611,1.081959153436225
6.937589349132461,3.303590474438939,0.13050025436118445,0.9613439803443169,-4.713730469740936,6.463802677885201
7.368030393535402,3.313965769276802,4.477695036897914,1.2364891347797458,-1.0348440445531635,-4.670145797561104
6.972151287987761,2.8767433646744904,0.03412193295333327,-0.47920751764806085,-2.964470123154969,5.434250782956424
0.9280279754480032,1.4004156799985776,-1.6865821771516933,0.3620342890632588,5.919409165383462,5.381504913383825
2.067001944691838,3.014386829960644,-3.2052774722606983,0.3691825470679681,6.107379201024642,1.3158166899563926
3.3247185486100634,4.543472963772115,-3.6992236070866715,0.7885093226686068,2.2356674450973384,-2.1744241222744503
4.9643684754968085,5.343259979209108,-3.881387680081294,1.4655422263189342,1.8079414739144666,2.038083999342089
-0.015813945349285374,3.5107126050126527,1.3323691613992037,-0.9011614846549085,-5.543791248091547,3.6914312236675704
2.152062740566261,4.775618118217532,1.164813610540056,-5.9683338812982605,2.278165472100475,-7.668765355761591
3.1683232979734957,5.309562462126157,-6.468155703706707,1.7425397894409649,5.838963304660219,1.4134215104150085
3.008683292514275,0.012653920708141864,-6.509339679147155,4.650644787712818,-0.7691215841044949,5.28453959286562
4.161728125399721,2.1696496471377276,-3.985595468395714,0.662167581583402,-0.9761198214994458,-5.199625081041977
2.236309122075011,-0.5348256044130798,-5.808930287075138,5.5005753262637125,-3.2338211592300894,-7.317267297981928
2.6491542418152654,-0.8561279250788877,-5.828856461484823,5.479455479462045,-3.4337112858146988,-7.225622935475442
1.2153772670253593,-2.5979610892365024,-4.9993448260681,1.8383237486624973,0.7644012293957716,-6.128262464034895
1.6577936406382232,-3.2297820304202363,-6.773144879990367,4.257288859668822,4.005512482662224,0.10451615361159686
0.9551890646379791,1.1720289918824562,5.291781940688427,2.355198477335305,1.802621006583605,3.8428327470388655
-4.970371261748748,-2.538624781783956,-2.1022388578897373,-1.0087134103916835,-1.23163148518202,7.904624208949362
-6.187098491077516,-1.4154895924082782,0.7070498479759264,5.302759028294156,-3.6446519220982876,4.156214745552643
-3.1909283696196384,-2.8800076478123593,-1.4813817308490147,7.861647929506051,-0.9891873915880742,0.8202032091641566
-0.047283508377584826,-3.628563089264302,2.4181807455580593,7.625772215442334,-2.493402896641891,2.1001290424680668
-4.22458030139581,-3.660652197962727,-0.4592201432816341,4.450883266055264,-3.9455883092649406,3.3894336160647063
-3.248362320143447,-4.171241528438286,1.0380844628007728,-0.22620544048833313,-2.5319758282561997,2.2637930252858514
-2.908736394613328,-4.837096020638053,-2.5256789824632175,7.23713898640741,-1.2337875939375955,-1.1057329110064902
-2.277619173158472,0.7815403278717837,1.1617761876179309,-3.136913006954027,-1.155141912015604,-1.0602961512246245
-0.15766104865144787,-1.4429520678687,-0.3757974230802809,7.094317580928793,1.6669880007122644,1.0978009862818146
-0.24256924120295748,1.655751615889507,2.395618625931734,3.810268637409708,3.3233402701062382,2.173534092000911
0.8435843342467765,-0.248716589058153,4.411778549935665,6.546583651049061,4.987914925701804,3.2366063544955748
1.0281172043397302,-1.590010600141008,2.35865579637832,7.039658855686199,6.66404605273148,4.2816738791124465
0.3518457464838165,-1.746079691237926,-0.39817186697150236,7.99008505363694,6.735086575698369,4.261533544558263
-0.07315812520569846,-1.15782494074719,-0.8864058616083931,7.950741138315741,3.336454379217969,2.027975216387052
0.7133931658182168,-1.6943298016470756,7.853972198116669,1.5215520731182426,-0.9700629216774715,1.7444179338640626
1.4139382911572074,-1.8510728442781605,-1.9559424991927985,3.4558833805340514,2.770292857098987,-2.2635545075457038
0.46661012366715865,-1.4265112407683995,-2.4643574044358454,4.249568548520246,-2.090683154541359,-7.721984456557588
-0.14990106885075455,-2.86695586294552,0.4947395894004923,0.01605424180185119,-1.547819152279429,-7.848837867597786
-3.9148870606639425,-4.454077442357503,2.4687514405691444,0.07852594913642771,-1.1013397217610164,4.5774358328998055
-3.8985881240869267,-3.963913790014412,4.442813524719683,0.13940224018245048,-0.09533391150137363,0.15150064461198923
-1.1333933321678158,-0.38248452318517256,5.800429398798736,0.17862008660849887,-1.7079207070714206,-1.3125253743667804
-2.7133136481515345,-3.4808420740914494,-0.18681656952953357,-0.17794260127697623,-3.272838621550134,-2.517373305111867
-1.5085413412720423,-0.2710746208882619,-1.5723295929045435,-1.5855814867980236,-3.2900322643849655,-2.533878072679915
-1.841018381617304,0.7994575925702486,-2.880071161297616,-3.0679723117821363,1.07815596476836,-0.6991457041521504
-2.1755379972396396,1.932984875132449,-4.132602266731694,-4.599031148514219,2.727433592630876,-1.785694822131891
-1.8944334365547424,1.1663441103942331,-5.286248908175094,-6.109485533235795,4.3633239919037345,-2.8925125309455884
-2.173431802019043,0.9735360834924913,-5.17530293141996,-6.203747300465728,2.7692684470894537,-1.8858896578070676
-2.5026411470730605,1.5251329403101728,-5.069681691039153,-6.290355200745202,1.8067226879193197,0.33763460864903394
-4.97428990861861,-1.9900692069754025,-4.973128529229397,-6.366964239868518,3.5831011056467013,0.6845450267713883
-3.7268913476794823,1.4516388885730687,-4.343790410928358,-5.7175847184652815,-0.3880203670715954,-0.3073519070017696
-1.5215222513472775,-1.4291517415602994,1.0442859937958109,1.3160040893408704,-1.9280456219194173,-1.543871782175375
-0.08874330736256758,0.5063208941028589,2.266921275826962,2.8670704437113295,-3.4518518393127864,-2.800489935606438
0.5821881801500023,1.8849075405994442,3.661522515426102,4.276698828422185,-4.086257472347913,-3.3809199436209845
-0.26299826301359935,2.9909432329167522,4.061785165523981,6.4294576963480505,0.0843138874339994,0.8066053361996603
-0.8018510764480976,3.3002131398701806,3.5130654169124056,7.275205315074887,0.3273729751241534,1.09278712623231
-2.8930278284590334,-0.7174520951281549,2.8650451842614184,7.553923291385761,-0.865710412620918,-0.2065078242578707
1.2465599513442747,-4.2899315485905705,2.258346326523877,7.483758884447499,-2.786983812998728,-0.6640378197686315
0.670020967423943,-3.4549459417861095,0.23415211734678315,1.0215071149737616,-4.708580067740578,-1.1202114736406423
0.5413126396905152,-1.2175381992016692,0.6796492307987517,2.9456079038247225,-6.630618959998192,-1.5745212628962506
0.7574270495941052,-0.9104520475443799,1.1279952031828762,4.869048245971324,-7.611721739449531,-1.802318961673421
0.5899966954859109,-0.7952982442650354,1.5780452696685328,6.792091145359924,-0.4718762291057344,-0.14952533031213305
1.9234627963769817,-2.3629290679093793,2.1096223789674435,7.793622460958211,-2.3546043212600405,-0.746149107285899
2.2227054915598043,-2.5953660790503217,-1.260756570589111,-1.2579504922470248,-4.237316318898334,-1.3428236718191582
3.60893107171778,-3.4663135738876902,-1.7707463970760817,-5.226182584549811,-6.120005588656583,-1.9395699509974194
4.745342570662071,-3.8544801508283153,0.17608909821227273,0.0321501087212558,-6.309690828603841,-1.9998717705317692
6.023248514218614,-4.129039539329845,-0.048623318791198106,2.1534511308292386,-0.7892898436362666,0.5621232451452596
6.930155126810605,-3.9966173094681823,-0.11191039382052605,4.12748313912425,-2.394866370243045,1.7122356930863543
2.704253713603139,-2.289981634082095,-0.10502716266263594,5.873091708537813,-3.9915740112884874,2.874699621248513
-1.3696800950134183,-1.1183138743396093,0.012166947253093212,3.2540258682037915,-5.482957379657078,3.989087577574835
4.445995721466758,-1.4815231510894888,-1.5110018387069561,-3.014113094293616,5.0945712419966265,-0.5157275489213872
4.06708003355836,-1.5800847218318854,0.5684568215843026,7.979777994530568,0.35152810329211276,2.1536892092442907
4.791302652582169,-2.2580859261189383,-2.2743840164408033,7.669887700987454,-0.7729682240884277,2.7288579229169105
4.16142293034864,-3.5689758178109727,-6.175364184764088,5.085752371629294,-1.0408579923508041,2.771317501364798
-7.805471370069093,1.7534584942426554,-1.1034615784526833,2.6733357945108773,-5.607497153376325,-2.6953910838837674
-1.1167092859120877,2.524158979050832,-0.9758157763042359,-2.028664941728781,7.950070887161006,-0.8923972709029371
-1.1178673506991759,2.3422759404932636,-7.753728620021324,1.9696935007919933,2.8400735321759676,-5.465644060368653
-1.1158057550206688,2.1287813919509415,-7.173191100401147,3.5419386551895236,-0.571254349465339,-4.886351569416899
-1.112593353408608,1.8800669701071988,3.5777704598235553,4.364594550096562,-4.690325191649138,1.2604671952244515
0.19365399850945295,1.5541455622065896,2.9412949295409323,-1.7594982025635544,-0.032723890054819765,4.05871477055378
2.057195096231758,1.464734640561796,5.364733285330939,-4.522799126625752,1.1405506657485693,-0.2365447549983328
2.7334187438155437,1.5716243013832896,7.884782762883859,-1.3528491350219314,1.5594776189664272,0.8137017610542583
3.163066502933663,1.7463502202099481,4.697059687761695,6.475926983035249,3.732538446053085,0.10446410261734358
3.577305562986938,1.9615739480478673,3.196467386604277,7.333661857924404,5.204663114812494,-2.154410077531839
-0.8579074241513589,-0.8267645348106825,2.69540043873063,7.53225175328671,1.0525459325586761,-0.4028350280874125
1.8659283347680327,0.8302958841218053,1.1770001132690304,-2.870030441191295,-2.007899500502715,5.648519081313676
1.148541528368259,0.3471306292953338,0.7924432213637216,-3.2332964697846363,-3.678888712260247,-3.855085234911382
0.8312207757155823,0.10682745522039451,1.7589882469601457,-0.006430167654975752,6.985174970993013,3.8996577573695848
0.4687836667131752,-0.1680678717509678,3.7055994956364686,0.4596611555687225,6.501147879992878,4.662089257239089
0.6321800789667674,-0.12582188204200084,5.07123397079727,-2.622073037394597,6.099540039961185,5.176447749268827
0.4645710540489034,-0.2974731568169661,0.30094393174622813,0.579518550130297,-1.1545184916860134,7.916254610126878
0.6542494773485433,-0.2598643288389016,0.6126415738006977,2.5555927496475266,3.8973782510474155,0.13723232861533818
0.5888851194211416,-0.39232413381921627,-0.7352070761893076,4.346673433601044,0.06683103609912233,-1.348368709441471
0.758955871041114,-0.3949374957425788,1.1309395635160542,0.4188218042009232,1.4373039115591193,-0.10685792589205811
0.9741036230024032,-0.3875879170930053,-2.8209025900095126,-1.4701257013186437,1.61359171567398,-2.3892891989576626
1.1979748784552628,-0.39546832946197114,-4.104908659435925,-3.1199456562074848,-2.440330942148947,-0.4198762577038079
1.1127656353163613,-0.6161602035592286,0.1718316887024715,0.19245225578739508,-1.657292250854562,1.739248398301586
2.1888628690029286,-0.19843279528975155,1.67874822626651,1.4724446994053948,-5.453820982271512,5.8528485964814605
2.404759081111339,-0.011463886613881452,3.4991744575887838,2.337315151056499,-0.8716718359028965,7.920714637099458
1.7564856385623617,-0.5157237626753636,5.581849888335735,2.6594061036416203,-0.27894511833302094,7.995135372272203
4.87124996330327,1.8064940682760309,7.771177294982304,2.208855914257728,-3.633899895079344,-5.583562269681201
4.668739252636406,1.4564780105416304,8.067304688244263,0.4345527206588047,3.134499495003305,-0.012604472992338911
7.49095747103955,-1.946186868937439,-3.470372365618771,0.4106738047598273,2.0200669804990627,-4.860271658901746
0.5003460121667853,-5.30700956639615,-2.9314943212406317,0.5177811053095394,-1.3603808511307742,-2.521601057058505
-4.949341887583627,-5.335726985114383,-1.9526496296136573,-1.6905435477969657,4.724853108956355,2.4131863612877
-5.222327318341697,-2.6613572500759544,-5.713581419481671,-4.42564033376184,2.401623267803681,-0.19790832393904875
-5.086278831385092,0.4493717855476106,-4.575132393802285,1.0114687841437708,0.7790939900513794,-4.29619509832287
-1.011625752865683,0.27371031427211495,7.855407095943079,-1.5141265987384032,-2.7027844956746323,-7.529605299744524
-2.9948331652423863,0.41170779973699667,-7.585317147065973,-2.5422359800826775,-4.316383208015504,-6.735639242236908
-4.991793129129707,0.24900874678100657,-4.206661774412014,6.406866188495015,1.043626766794557,-7.931635592463255
-6.972091161984798,-0.11257810166011033,-5.812287844080471,4.887529901380131,1.0715769155362438,-7.927907852270347
-8.058258951096693,-0.5785358044839044,-0.4130307920940702,-2.863817819438013,-7.222069351114469,0.43025702274347233
-8.019160231011009,-0.981483667399153,-0.6918228306737226,-2.185567623175564,1.8010930383452242,-6.398957603469829
-7.971088633175329,-1.3160497718790478,-2.913440112672819,2.313324494325166,4.716175553808603,-6.462018890846583
-7.7858305036086355,-1.5425341551566134,-4.014688799683015,-0.059243678530617405,-0.3029214501908152,-0.33545858481465823
1.7316159924134844,-0.30917156211052266,3.421054949317093,-7.231623817217888,-2.070110286931455,1.2225610935632434
3.733570329323756,-0.05664447010366038,5.187384001014816,-0.9026787801216771,-2.275787837826142,1.6793980516897231
5.673959879204046,0.6315538687893368,7.514911865526655,-2.076178059940282,-1.9009965556331279,1.626322698121469
7.505793513421225,1.6452719331112726,1.8357415517221916,0.9206884497817838,-1.3828356254294711,1.399574316867125
7.690833765158437,2.4741295432330794,3.3582835611107176,3.231906266459699,-0.9028210580489175,1.1497396765805945
7.448880220524571,3.128006467429,2.267141364121258,-1.7091238060234968,-0.5194485299744271,0.9348068743646109
7.203255303015487,3.6583266720700474,0.026743933436302436,1.0107884665186775,-0.23699050777838773,0.7695372414616778
6.80565346482213,3.9455969992139135,-1.216383723720312,0.33080084916439106,-0.039537459252217466,0.6506404133398276
1.5583339048641507,0.974597065946151,7.164457910759866,3.5595705983939103,-1.5767337177332599,0.33589007851130687
-0.06167699759915021,3.718213353891312,-2.8403299044678905,0.9994311515665962,-2.2768068386018196,0.4587016865982932
-3.7615083621847285,0.3053082387216105,1.842130494336825,-0.5884375714337132,-2.148867133755543,0.4328078828510999
-5.57565257245582,-3.1724510681096705,-3.5575028884848225,-5.171208175409478,-1.7461278873400885,0.35806608065018275
1.1954824328935174,0.47121837044304177,7.276255836717726,-3.3250715779710998,-1.3144574491495506,0.2787261833885932
3.00716203407948,1.2587996269426602,7.78904131768954,1.8250576295901422,-0.9470205606430339,0.21145020338435594
4.084806936765121,3.2740765552069098,4.5890172878271445,-2.9909422625709325,-0.6661227795138618,0.16012780045452407
5.090848887200924,5.105620198142926,0.35347955918000806,1.0951406421939567,-0.46480552209551435,0.12339640549507683
-5.603275767068624,5.820098081491527,4.73002613680521,-6.451887533516032,0.32499036831436134,0.07527742434124285
-5.708786949979813,-1.4449110128254046,4.934109968222673,-6.297186579853393,0.4213742403258985,-0.19445834419593733
2.71363620500015,-4.972971286186365,0.28108650794258044,-7.9950603734463845,0.3765625884881869,-0.53183878956234
0.0726963933676585,0.1635733303180401,-1.2520255874421182,-1.6381649075872395,0.3295148046954491,-0.7486282919406445
0.590522482366106,2.0714727123040193,7.965444541915092,-0.7427605601235558,0.3689849617844902,-0.7253555764422942
0.7533034649963339,4.059701330101087,5.075710964290614,6.183620153840309,0.523293861890687,-0.4446192124468652
0.5204262575936468,6.0817737963859715,2.9393124201408973,5.2507367493058155,0.7570378648508685,0.003178714263120889
-0.19911041363166146,8.076546046620626,2.52795408343683,-0.545081588040351,1.0149103808131694,0.5019038986960633
-1.3563026348858656,7.964338275249332,1.638196218527,3.18614431139523,1.2647940385933443,0.9864147826713041
-2.7468867879440104,6.906903668558484,0.40701056950247394,-3.7561689901417337,1.4996441232344073,1.4421746245778733
1.060038717278099,-1.1997995323683874,-1.1309892324417907,0.2599104827723915,1.7240682166703887,1.8778465895813254
3.1535694215774184,-1.686053351259055,0.6283403033210937,1.8043414524080785,1.94446977487449,2.3057646635998403
5.3801117967029795,-1.3667472535101042,-3.3870578222244414,-2.1705736965419256,2.1649806245833374,2.7339155141470304
7.504381345821902,-0.5700321188144801,2.745154685791802,1.6289794908550994,2.387040382168502,3.16508128869405
7.850568181334567,0.5047282559056528,-1.786238301311956,4.577365040368825,1.380220902652135,3.2849452466549627
0.7379775495989321,-1.5967060268840831,7.8523637961427895,1.5298309753126262,-0.09999657326442715,0.12890101959742858
1.3196776108239392,-3.4930226170882492,7.999333180575235,-0.10328923539311889,0.5595687664911622,-1.0683252293040535
1.6654724232230287,-5.460666864722988,-2.355987779812925,-2.791550046825059,1.6130541621972385,-2.741681467606727
2.5005256915983756,-7.26575717084299,-0.07805309093531643,1.4965909920402853,2.7767202429979423,-4.218915373672029
6.731071697655869,-4.467987779864219,0.6635157401386765,1.1795774009671693,3.2133940053759513,-4.303736424101455
5.4507040982691,-3.3077657294690774,-0.7716281888798646,2.8025807986412445,3.125879040720924,-3.5654354316241084
-1.4082076487266315,-1.300707583612785,0.47970574366272256,2.9605324548391314,2.865524130565851,-2.6595805131137085
-2.849231244487633,-2.651328971560391,3.4765703449276075,1.8592103165399303,2.5881900792805945,-1.8502069991243406
-4.271397808081072,-4.017477122295206,7.8824984219324845,-1.3660961270100629,2.35270064353034,-1.2153183169530652
-0.64959365043682,-0.6083815326850137,-4.114534197809993,-6.860802309865231,2.172916852866073,-0.7527281297160509
-0.10614241942137302,-0.14413461346733247,0.09214356610093888,-6.295844475019271,2.044181157161797,-0.43187322313897286
-1.1882940905173909,-1.7965726131836266,3.050953778746001,-2.9043951591816595,-0.1695093499382105,0.05751156651948626
-2.2038001238132754,-3.491690996391378,3.4231906066364233,2.9801252004793866,-2.068919915105702,0.5994050257371988
-2.9005461068729694,-5.370814489619245,4.316543438371716,-1.4579025454983303,-3.952215323178421,1.195255219287376
-3.208723901915773,-7.152745150827622,1.9301273841241495,-0.2198221777836851,-4.340033004545429,1.3917543662017149
1.0454724539431104,0.6011849532765857,-0.5620541449274489,1.017576681769229,-5.935743401059329,-0.863461283479672
2.6765892131730413,1.7189040647824791,0.6269466704466755,1.7950197306007756,-5.501706236604923,-2.1386100519025835
4.239288101956846,2.9347525259563403,2.266961740750311,1.747260141728231,-4.028376226099374,-1.5824949060136273
5.750341321828778,4.217195238836869,-1.9667294685390957,0.3648459732323843,-2.437015754656338,-0.46583434494095244
6.400090929694024,4.930423621926227,-0.6673151932261526,0.5589409880296545,-1.0783744289590318,0.6588305906182342
6.292289044168967,5.067281281380679,-0.5118565719772915,-0.5890467401382546,-0.0380033490850994,1.591984178376062
7.905057088664775,1.6674271873010316,0.06328360536580857,-1.0714969553982439,0.7085457716124021,2.295305966212175
3.2194103914229255,-3.3456031608775687,-1.194381526100841,-3.186370667895345,1.1873411410516128,2.7592877901322783
-1.2707952116756607,-0.49555577888085595,2.240075610141805,-5.763962170151209,1.2098218892473849,2.7603781787441193
-0.3836443729316548,-0.8030672419653769,2.140190354396415,-7.581113384478047,0.7627495838941393,2.2668127734204697
-1.2144072458146715,-2.594887288749326,1.0406690076587208,1.9152623486587044,0.13638381119822943,1.583051877054423
-2.0077166936434203,-4.4039384280511396,-2.401272459632365,5.785856904381566,-0.4477606912094368,0.9465706704435307
-2.0500502169196704,-4.71177753190858,1.1464150407900944,-4.558912646801916,-0.9487261837806416,0.40104490695901496
1.394680975770066,-1.1971252966273218,4.3855011409089375,0.8350332566425361,-1.4036961077183716,-0.09426530785041902
2.857100738640977,-2.5250632406451157,3.762473614262819,-7.060013619106983,-1.8530178462823736,-0.5833710215230968
-0.09210634564893436,-0.32416881572908746,-2.314807926032262,-1.0860271526452192,-2.643892396364055,3.616896495813436
-0.9195147491571151,-2.1212818356084906,-0.09999273259049715,-0.0012055824672462727,-0.05854931279461311,-0.08106773693201604
-2.0734252700236238,-3.7522362198597623,-0.22431682489811552,-0.12745964878198981,-0.22287364152736017,-0.12996668770240227
-3.63627101679715,-5.0980562072618385,-0.3575846493846542,-0.21257755884489318,-0.3612627762966816,-0.20626489391657002
4.063496674638758,-2.8406016199009265,-0.22411701561339645,-0.12781065414332485,-0.2244553738488165,-0.12721550672142143
6.419699936467057,3.155773119878788,-0.15783590985862517,-0.08443237269614036,-0.15563312736904053,-0.08842697362983765
-0.17439309850725052,-0.5468665716544032,-0.0932695006357967,-0.03606660853405988,-0.08381976312045349,-0.05453666024273095
-0.004869292286508869,0.17893375867238842,-0.7060351790300997,1.4142065265884536,-1.5932402413621312,0.15743739487281047
-0.39287338875154465,2.11786838599826,0.7917010246444566,3.487260455942019,-3.508795485263496,-0.6900219145755654
-0.05760588750428449,0.2514867028787879,0.5729308263445665,3.4434776660598945,-2.6179723241870567,4.894877108752639
-1.1657773908668825,-1.9045346084919543,0.6987307501816199,3.4182487970336872,1.183614295472034,6.938411748052541
-1.9406547611554912,-3.7337813404114266,1.5421187562338128,3.505016944553162,4.605297667025637,4.171843492943969
-2.2000102169411146,-5.778359978865514,-1.4159493439802224,-7.854805723214628,-3.6452634963042145,1.219236620304703
-0.6546752823162252,-7.171284333830009,1.145097961784086,-7.917622790832986,5.900901081018364,-2.9534809749209954
-1.1294380793715353,-0.6128577525539973,1.6792810805352116,-7.821765469032966,1.3326974845673834,-0.7157677841697185
-3.0335455126799524,-1.1938180860161807,7.4605700295262745,-2.1360960985645594,5.046367773585862,-0.7471313834404736
-5.058695365389924,-1.347154853824349,2.4604673353483397,-3.863101702672257,-1.304081430805981,7.892995098302484
-7.133023221748204,-1.0507519773956011,4.968713427480476,-5.79442401229512,-1.7424157483051492,-6.5431908056590125
-8.077057265388623,-0.17716357309758549,0.6487292993264975,-7.973653509915975,-6.506417575825242,-4.654732036217808
-8.015313346023706,1.012419362247725,0.7266361120932046,-4.674270323087184,-6.038998516813249,-5.246951201786364
-0.09540281093868071,0.02997171441540086,2.901783009571535,-3.25598475650658,1.6220900564724727,2.504412151467026
-1.838944941396756,0.9612005527002566,6.974843205285414,-3.918106974252221,7.163819207088224,3.560855847707658
-3.174598782763591,2.514840465810098,7.06474878284362,-3.7535749140398913,6.365275446582518,4.845953826558167
-3.788619398002632,4.6847612593469625,7.924097888866903,1.0993964924698862,1.1243180191842985,2.128911963273664
0.16200864363910564,-0.3831568861265804,3.9536251092308605,5.011547833488791,-2.8000130114540576,-7.493992736564934
1.2273875469794746,-2.051926121847399,3.9820183689672084,6.938553862960763,-6.0392275134975675,-4.967006839207537
2.7606726322831032,-3.382401900626699,5.405457715191119,5.897544140511438,0.7094840484700212,6.377051388513182
4.755910484937583,-4.193995286032247,4.883305835380066,6.336665062802594,-7.332758311423318,3.1985395958549963
7.019630302407041,-3.9993788789671685,4.2591136841459125,6.771997535847236,2.494025389362042,-0.9491714249906776
-0.27275938985142456,-0.3140992124279821,4.044103868725259,-4.0787102968025035,-7.423299743061866,2.9823851066986022
-1.574051091259102,-1.7997900327832772,3.6902100479478857,-7.037097293537476,-7.932080034774133,1.0402433955270303
-2.8873375696449295,-3.2749408786903205,-3.2450680519295716,-2.1279003486980628,4.416648036735712,6.670323839184916
-4.221077663918098,-4.731890146143683,-6.114267129562473,-4.628192486877358,-1.7579598409401773,4.576297513846792
-0.21808352183177362,-0.8628670682703392,-2.475968728977527,-7.607205719127452,2.1634069214687273,-0.9609319479746187
-0.7000829314776122,-2.7781484641850445,2.8993453921524583,-7.456124750633153,-0.63583970881205,-7.851522848932781
-1.032425606607907,-4.11437245215726,1.4696099731174352,-7.863856975232559,2.2311190339636777,-7.507143663949506
-1.0214735881458856,1.1283065668161152,-2.6859061252727185,0.5376582963756046,6.021989359576029,5.266464103471425
3.484250641811714,0.2983395130294989,0.13344193560335005,-1.0042117036586737,7.086441511805585,3.71245830949771
5.284158375071812,1.4214268420001122,-2.5976249237129627,-1.3927640242640928,1.3061952381914912,-7.89264556405049
4.630651797018188,3.8935251794177588,-2.8890710950615004,-4.892579683435827,0.9207638764546145,-7.946835463492136
-3.099170050274799,3.327941751366255,-5.552354013995264,-3.363994585245397,-1.3605278920712187,-1.8446260461708444
-5.830847200776875,2.1205745149945687,-3.3903238412896695,-2.8810547178225745,-0.21632386077010302,-1.3351443436305428
-0.33716102686537636,1.5650953459655688,-1.076790009912504,0.07124531611088014,1.7148885933980766,-6.430943857479038
0.854588726114382,3.4723844990435917,4.833652847797325,-0.6725375154701818,-0.3747189827096964,-3.1443053345760186
4.256206325079332,3.563468635803418,-0.4598408075255169,2.46112284469498,-2.3534710324047188,-3.0010082155495383
6.911265120343346,0.5058918757466453,-4.554350460519186,6.577073200350494,0.19215838940573776,2.1989707341878058
5.328548801371533,-2.065696442726166,-4.553796539203811,-0.17511752898722155,-1.385943884011208,-5.5943420195641576
1.4880707756147162,1.078837043654608,-7.172830252852736,2.2525432112385473,-1.1002400768968972,-6.670165456672811
3.291648531153914,1.924582798258445,6.144125191787811,0.7003901897720334,-6.166616408573924,-5.096355763632168
5.41708149405462,2.0386691950316354,-0.9215942289967398,0.6314634628086861,2.125414508447718,0.7391997669274604
0.28577599086252203,0.30230461962488064,1.521750157975804,-0.22047605126237602,-0.5880832452608331,2.3468289683039494
1.6362179966111345,1.7434654190909107,2.0475954641148713,4.054925015871032,-5.285066184662995,-2.1975690077682293
2.9832092847100595,3.187854821603348,0.4025976112943468,-0.39843173129827436,-0.17668567076949274,0.5003521254882164
4.32188930344615,4.639995026803122,-1.245832817609414,1.43981449638598,-0.005682438764253096,-5.688919795894289
3.4623408615318776,3.765725688205284,1.7951652421505064,-4.036057570928485,-2.0574879470920466,-6.254458680099438
-1.5596138593217326,1.1146719740854565,-1.9842144651880007,2.3128662825896042,-4.0747418528439585,1.8528857533085772
-3.4771138553595815,1.74852601835559,-2.3912219923710936,-2.2581558678736124,-3.8004125198734373,-1.7787957283017122
-5.726226151778419,0.7104743260102493,-3.5315675113967226,-2.9061430085901794,-0.9818938376408006,-1.8816234173955568
0.21332103485190268,-0.8640567898522141,-4.508982270525644,-3.7138078314472116,2.797195119388531,-1.7638763940159379
-0.45072430289034326,-2.829323700601262,-4.167940069486977,1.1756275105030365,-2.2091107659723965,-1.985754598982114
-2.5716469353506817,-4.100272190952871,-4.000202128488226,-2.8179622286876866,-2.570233578984559,-1.076826489993365
-5.39791972602544,-4.160130722872223,3.101010556501549,-2.1680389055177685,-0.5312173202009816,0.8185983291202821
-0.4613911744074609,-0.17928520345779805,1.7490296169802215,-3.1841033491050377,2.268241904357197,-0.910222043171664
-2.2969578276563665,-0.9082316543526467,-4.530041523648904,0.1809951405598993,1.6944901661933018,2.960020028472915
-4.12799244036961,-1.6485458477856696,2.822521337860869,-5.147471439313797,0.6636504075690302,0.23358891286552874
-5.956700635269708,-2.394601750140803,-2.035569819449007,-0.06343860419183867,0.08247087911409556,-1.2607004572914635
-7.471743335251538,-3.0193630155444158,3.0426918650449877,4.32960809637526,-0.6543324441507383,-3.377728055904904
0.5958524890792436,-1.2269701753743114,7.063197875023713,2.1966960197953926,5.2886243136793,-0.04046672969740017
0.7824063376584176,-3.246037788256932,0.38269415848568267,-5.170491986079404,2.108203283030351,5.693503499298425
-0.582227469993693,-5.2820078732603895,-0.3819737883139776,3.283525662829665,3.281787880358707,3.8973007094098637
-4.3805209971305334,-5.680891467016778,4.163158150558282,0.8699257259938897,7.976814556348659,-0.6086292250821875
-5.730935699934792,-0.7623437597980423,-2.446843960468135,2.495413609868333,-0.4557306080165373,-4.2922859157533955
-4.59213144493815,1.5766732973380324,0.262239040577789,2.9052584136629847,0.9989579115521674,1.3166077641625766
1.1935031255250834,-1.500146422640755,1.6166440173466534,-1.8882995311707969,-0.08793713277764459,1.7913533212513877
2.0444895178824436,-3.3117558199947115,4.307977651872253,-0.9203569281279717,0.32991004167363025,-0.7593048910612155
2.403697970343211,-5.352001968176759,-0.01204222215714279,2.681729309656829,-1.7281463771047658,-2.9409448378321676
1.8304723961188152,-7.110043357505657,-4.225337489011382,-2.4289497111052203,-3.3901285451585492,-0.06436113535058441
-1.1089325672000088,0.7942068756962491,-3.546078657391736,5.292667278477049,-7.9999998532367,-0.0015323879307774914
-2.660241977238851,2.017928051873095,1.1263012942623076,-0.8080523165517073,-2.9790467813647883,4.190664202135033
-4.118899212391955,3.3575683579276423,0.24176119258448647,4.29463854835315,-3.315259503459525,0.24809589466824
-5.3975412380608825,4.898578322680173,-4.44299793093791,3.708366161190206,-4.107115421391476,-0.6441510663730918
-0.06454295473072104,0.07638198082419764,-3.9351785714484127,-1.19508240576141,-2.397384506624351,-1.0676950270595988
-1.193832146946891,1.6971711183366789,2.2148963479508796,-1.477062513716283,1.7573250834794099,-2.218403010755343
-1.0737959111018438,3.905055997204264,-1.3951863413802983,-2.0074614518635956,-1.1534719817870815,-1.4588956687563663
0.24898420339139143,6.019853143263673,-6.495126895225094,2.692364009770796,-4.52633538457466,-2.206855364531051
2.4120424381480974,7.627715993439479,-2.3801981863317376,1.70150260454158,-7.875292382248988,-1.4070429609969453
4.167725051114105,6.921004905237083,-1.522537736034245,1.9876457285847557,-7.984386780015701,-0.4995675601062388
-0.24873809756765045,1.018053711165784,-3.254582652320101,-1.7676302874550198,-4.28797405262553,-4.9040383647183905
-1.7415149823518195,2.470962275358357,-1.304266755577446,1.1348412599470128,-2.805291145540937,-0.0917607494680705
-4.676518173139064,1.763570746043401,-1.35784330917599,4.823014356294069,-4.443643672845862,-2.0904272306224
-4.69991667876464,-2.3589288142676255,-0.20956063926006951,1.6905194004611221,-0.8601865775782824,0.12468165889547658
-2.9370498243059413,-4.6803362352752735,-1.0523132646999407,7.930487802962474,-2.5631628462857012,0.9511073488101052
-1.5274477305004077,0.8723442156563841,0.43549006326260997,-1.2316121528555497,-1.9078619715897807,-0.31213278845540887
-3.2188715640975643,1.8925173325082454,-1.6821320992129576,2.250106561635284,-1.6192082367189284,0.24761987970197175
-3.2892200918549386,2.0342831753444113,-3.1569331557621796,5.321493615607022,-2.0244598965925045,0.4890488175368882
0.5859311684303133,-1.9080620183479062,0.8336894398610627,-3.3118589495185287,-0.8862135663671931,-0.26392147317501946
-2.0231476087914158,-2.984926868774397,1.8001265875467403,-0.5901901934418788,-2.8658029763466693,-0.706052729719274
-4.426158325904049,1.616791994037957,-0.8421659895516442,-0.09409295942918894,-1.2630432680426078,-0.9102822974920928
-0.21495955155004123,-0.35615781782435324,-2.3679678819066075,-2.8163853215878802,-0.10369641774952695,-0.2133589549321905
-1.2384537879143507,-2.0452660499799524,-1.9592868863930137,-3.48351689094891,0.7174634572370988,-0.12852030035599948
-2.269198140057725,-3.7299726274007132,-3.3303453421611215,0.6433815666782368,1.3655517919472755,0.3797145032659891
-3.0511336022836932,-4.979976325997352,-7.982875755739107,0.5231583588482347,2.9293832346327306,0.6972861114577671
-0.8888016211891889,-1.0346630747115064,5.507171828595845,0.19880558265377668,-0.4793080969871679,-7.985628575645285
-2.1789190123333437,-2.5300657971073206,7.551695558525797,2.6404344701851157,0.4911490483398891,-7.984909054730356
-3.473820829639742,-4.021338687994464,7.3771666485623495,3.094739446114867,1.2026741886038208,-7.909081792222542
-4.776846418643287,-5.505566210000086,-1.164666251888412,-7.914768001761781,1.821956619409321,-7.789767267190372
-0.20974326040335836,-0.44836677476745435,3.3590883358318613,-2.717107579916699,2.342787118025679,-7.649271110348549
-1.028492551272194,-2.2456854347787925,6.74738458873058,-1.880122839545698,2.4639549444161606,-6.696682510403576
-1.5675088246664146,-3.529706817198329,3.3138368817663024,2.1091783781986697,0.9883837649457341,-1.6425548798112326
-1.1664803230382403,-0.9776541596927829,5.352844175708686,2.1103523417739556,0.3883519892127974,-3.8725762397239505
0.1873045844136238,-0.3714471599805815,2.235992305624902,1.0149526931196313,-0.9344346330716766,-5.757214919753356
1.0740979119356684,-2.1361635413927087,2.8158477998128393,2.312624194807147,0.41529566868535234,-0.024197263712784887
1.9457083117745864,-3.903308413098491,-2.1071966434688902,0.35523922452262435,2.389886061465136,-0.07297679915329901
-0.8222231941435293,0.5127475197525697,-3.23446315114969,-2.255913463163073,4.203490351150151,1.180095279114192
-2.5900146152391095,1.399628626760618,-4.162109128796406,-1.4758562473786514,5.721519907695201,2.733585730473338
-4.520804246810889,1.938785692648014,-6.168983104093512,-5.0934906951332275,5.827831805017213,3.604228934208915
-6.6921823827198255,1.6558776997152649,-2.2072003893028276,-6.425898744355833,1.1375674625282979,0.8878002411561556
0.024763667162554872,0.3360889179795463,2.510580707536884,-7.595853112780921,2.697891053286375,2.0985966417102038
0.474094748537298,2.2628694547872965,4.225676142532569,3.3508372294743065,0.28275614844765906,-4.783671157584262
1.3004627813316294,4.084992723906766,3.1438377814685197,-3.5366504679506936,-2.1537885288962504,-4.247983540545145
1.4353757868177555,6.095271966911507,3.2386948706133936,-0.40494342069455924,0.4089616867881294,-2.9588058733222518
0.10885974337694276,0.1420934772320889,0.9638057367958486,-1.6570961051548607,2.7477339664413116,-2.4029436773125057
1.4756813724523656,1.5691018089968223,-1.056342600336222,-1.683480450667232,5.252000423445319,-2.333200189078779
2.9134769867884223,2.925797813837156,-0.6517657128487169,0.04013048161689647,5.998776105785143,-4.904952639963597
4.413563845684846,4.216547186984103,-2.6022194221067156,-0.3672030490213745,2.4830402016459887,-7.604900483044458
5.97628564410919,5.436382151763639,-4.270149412983871,-1.7185554954069735,1.4771189400222662,-3.4762601966421873
6.066024702908722,5.2006401333159324,-5.1335280019904905,-4.113024951635895,7.995842888537162,0.25786915641409286
0.9275542914383538,1.0000695158009227,-4.188137698870208,-6.908671624509445,-2.405609910618095,-7.465297418110065
1.1750212803622706,3.125419330377257,-0.6076499018241198,-6.652620164318681,3.930982175724759,6.967594931835105
0.00027986844865523705,5.313999992630189,1.8728547669795654,-4.965211031286631,-0.43769354241046443,0.5867268213846875
-2.2196301398156635,6.942820971508756,-1.2819206505501612,0.08890694963302878,-1.643087270237662,2.1513050044991187
-0.2235689972140955,-0.12876685708940697,-3.20225570549672,0.6108669221800417,-4.66831254893013,0.35774564358141064
-1.7744885953137497,-1.3555365082141584,-5.008406515592404,1.5235121182883808,-6.627426794321505,0.6267879114256318
-2.9955425965373763,-2.955332223681482,-6.6487766124909315,2.7888832096725578,-7.9935934994102285,1.1716244987991618
-3.7691628366530185,-4.901316201878198,-7.0733156468395535,3.903645316902469,-0.20807968185828632,0.7838519286177423
-3.8141969207716504,-7.121947967345444,-6.076038448521267,4.444357142569624,-0.8139404223340089,2.6644505979452386
-1.6147492853671468,-6.719277719658691,0.7312071094162444,0.6358436624982119,-0.5107534303081673,4.733524261417538
-1.8445235851400723,0.522131921895235,2.7360865267823713,1.0867228340105797,-0.08242377903539357,6.73549569969794
-2.6896117874067635,2.8131214749887037,4.899758208625925,0.434661358994415,0.9926158078069067,8.017789898599968
-1.7482314443972247,5.600479963076448,6.815348967253881,-1.0383903189799986,2.855800046312854,7.557423310592
0.29140815527588504,6.758909098564753,7.549033370818861,-2.7864964390801608,6.0699594523947225,5.331588248006761
-1.837313007433196,0.05024850959761968,7.642011666280885,-2.498321427119475,7.4191370534296395,-1.9813667014252623
-3.368066751964997,1.7874829661588334,6.50756414821568,4.787676874733484,0.6562598322813402,0.9162161494615048
-2.8110525619889364,4.996337146921426,2.736058205205299,3.823703000672813,2.253925416460771,2.131249449743541
0.38292196011257384,0.8901301997256043,0.10866510623775663,-2.4086497290920272,4.730473575460652,1.8435153245548308
1.264257198831184,2.65871956685987,0.9028048647582914,-5.55045648540129,5.559788911107395,-4.338139147598558
2.1954905839828953,4.4018612081303115,-0.028400704528521215,-0.9685837082990213,-0.22986556681130682,-0.9413409696781057
3.1502060552366316,6.1321642027550425,0.07136560361274569,-2.9431348848839733,-0.4661166163824263,-2.9068662335807964
3.7550325847790957,7.1533189001502695,0.43171835062100156,-4.900018394428442,-0.7650021244213334,-4.859149385399759
3.8076070191826314,7.125473302698635,-0.28095886680772625,-6.888272505872719,-1.2437036947686517,-6.780887635082794
-1.1337822011572516,-0.7583099104845044,-0.9753634986745684,-8.019906922493124,-1.179674292992644,-7.992409496669458
-1.5741439381435751,-2.944654795049133,-0.8528790155617196,-7.777170470486421,1.7481928893873977,-7.887589151413452
-1.345665593057926,-5.140795669121664,4.445294091934592,-6.651267581161608,-1.9307363818151424,4.03422333528743
-0.9320992324706964,-7.22915707540149,-0.8809639746879564,-7.951345953692494,1.4625269078670544,4.812139253298434
-0.004660863657448242,-0.09989132269605143,-0.779988046622094,-7.961885370132294,-0.25485455431117365,7.99593954180163
-1.9162343198628105,0.796034566699153,3.2707581944297246,-2.485918243206898,-0.7122935853975225,2.0637322437477525
-3.6855857886420114,1.678975102424117,7.870603261045943,1.4330402322380784,-1.52100177197071,2.163386212781399
-5.377913004545105,2.716371976652792,3.9437801411615006,-0.3880457773799699,-3.644960636029213,-1.1174285048886055
-6.9237792755240495,4.007652747410073,0.5018342874037575,-5.863640398654167,0.11194635771122627,-4.6309362303475465
0.6485230475856637,0.0763338506182097,-0.01972837141443995,-4.472535213316091,-0.47971364422699814,-1.2289634048129208
1.6146969997582414,1.2367426255889409,4.100791841677697,3.2878016107828385,-0.6088727626307323,-0.5931932055860262
0.7487873399182103,1.2335179445708158,0.37130728850699213,-4.221687587266148,0.16878760361211054,-1.4952444654049108
1.7947775757601572,2.9088653206273594,-6.52611648857295,-0.1472912899050547,0.816421923193761,2.897408541238381
0.33583018644332413,0.028055050765275143,0.5850195706146888,-0.1592716292238121,0.13316616434380452,7.905283751990898
2.147267316171452,-0.8570805521663927,-6.564453678046119,-3.4003604006065142,-1.0982222311841392,3.969446075238905
2.809744749272734,-3.2378547595490326,-3.1932356839317526,-2.6748685632868066,0.2793660666417724,-0.15967239723242974
0.26748479545916903,-2.56897282347342,-0.9431638677804408,-1.2641342962353213,-0.003983243880053333,2.0015097970518347
-1.4284628793180887,2.82082297744765,-3.200787904781488,3.120179993638404,-1.0060921125477944,4.025892763822631
0.09412405586334899,-0.6461808277160761,-0.33798297277814626,-2.3328982570963754,0.20671435529342286,3.4412833100517495
0.21716451721060134,-2.6190119458423036,-2.654672719775323,-0.013377877223631929,-0.10505121116604406,3.7150960059255094
0.01504804018348637,-4.602975402550686,-3.0489408998413596,-3.4484524573772877,-2.2899797458912348,3.388814295376409
-0.6477168261008751,-4.474307173718404,-7.9801984462874005,0.562523562059553,-2.526873613894375,5.621742702997068
-1.1926797659366901,-1.6004783584682423,-7.689983628931233,-2.205482211846111,-2.486586819803063,7.603741578169374
-2.3687919872810443,-3.1871092734628896,-7.590202688103358,-2.5276121445958757,1.7571268894510936,-7.804646378559885
-3.539754495164375,-4.777557337590368,-6.096661090036678,-5.179838178286342,2.236784430911673,-7.680937143970855
-4.702142454217733,-6.374331128851332,0.5593726030066908,3.752536629126709,6.954246992554569,-1.2252647458731452
0.01861998288659138,-0.17802891966560666,-0.08114716733355203,-0.0584391755053107,1.549762322026341,-3.9008412947764266
0.661182733551182,-2.0500130226059015,1.0799464641571306,-1.227297619682031,-4.746818579235949,4.053443246619479
1.8135236045149603,-3.709416818836499,1.856063832931329,-1.2236398180265813,-6.238553471524275,3.9862151830090142
5.432066880559709,-2.7841453635049764,4.084449641652888,-2.0185574964260655,-5.807898235518641,3.989778312229691
7.272297064347546,-3.5190817563509214,2.406643650169109,-2.0833267248603495,-4.914341247490061,4.012545231057096
7.292485895892585,-3.4770519780710134,4.183543013875347,-2.6462419706441467,-4.0479243802785545,4.036696101215934
6.103376401787573,-2.823302010432488,5.850607029251485,-1.5010191389049756,-3.3411488201799044,4.056996619925661
-1.210154613720191,-0.7633881140257419,6.891651884245599,-1.505137746231115,-2.803940684431823,4.072631950864316
-0.3590686335488116,-1.479038105121497,7.1210247819159544,-0.30289856418785144,-2.3747648908288634,4.085211742795195
-0.7914568093455758,-3.4062596963444434,-0.03886338439139711,-6.548328449621422,-1.8598416471271368,4.100371557554933
-0.4933952668460038,-0.03982600474514995,1.3037280547447885,-6.219477000029434,-1.550351400692804,4.109491120065143
-2.424099206420918,0.47396522808058034,2.6857848254888097,2.1535570134169513,-1.3762499856956858,4.114624155672662
-4.182956424491264,1.5036291267487714,0.6452471236460363,-3.2146274541279234,-0.23308792044149132,1.3121301621458374
-5.796973910418172,2.7588935249354933,2.806366755813675,5.925526303610979,-0.2931512648811577,1.7507445784630677
-7.021341401357472,3.99637409730162,1.3874017291117335,2.3735622276960546,-0.24440088428794976,1.5713390721807985
-6.60479094001562,4.652631259694606,0.5909965831536644,2.2208904639962643,-0.17372584635907956,1.2503045330098406
-1.7957888712394878,-1.2191880162350222,-0.10931166195689446,0.9459341040915484,-5.44104429384464,0.45275944712751887
-0.4991533701462501,-5.778015107661073,-0.05795460904391546,0.6996424445024968,-6.184867133189714,-5.074191417830988
1.4918434612974245,-5.869262877650012,-0.019267096061535153,0.512838368664051,2.774004707807179,3.034509238822616
-0.21517694544920224,-6.797031861197139,0.009082699908040793,0.3754775882357922,-0.1725231965347962,3.9319984816269757
0.46130108979300133,-7.9866890076273656,-0.37969039484180966,0.16997412763379807,1.337220800659336,4.407522634720115
3.9417080204657164,-6.804766340475815,-0.4188062569146772,1.2561695820283911,4.966841385682172,2.4028652035702605
7.603258098245115,2.488064768343073,0.4823605038801151,2.2901153579634923,7.542215232034794,2.6673937455243353
7.684763500082045,2.2236029204439243,1.0181963138443912,2.9743314589222596,3.883025660067433,-3.3264226923081144
7.014492626328613,3.846673003412368,1.3571380052575022,3.4397130882400337,2.560002155029909,-7.579339612805472
1.585227140390656,3.762151707908769,-1.7845652837505415,-7.798418220897899,3.3437787198058064,3.985429973621906
1.7544458710417503,3.9816370354902286,-0.5482257347050806,-1.9453295368675094,1.9912914684075194,1.6436349310215566
1.9043326941722938,4.146530861918559,-0.8471254523713119,-4.454218595663899,0.1528543370120193,0.09314800940769492
-1.4851742807660284,-3.1610215158220587,1.6523615196799393,1.3818167057468225,-0.5790417471386294,-7.979016897780744
0.41084236605534863,2.071040556814193,3.03411654156186,2.800495993966198,-6.099239192484252,-2.275089045322046
0.37749532531536895,2.6069902219886765,1.9029755221044842,2.191835597739774,4.251307542632636,-3.813055762382862
0.4193662186203069,7.744581226851293,0.3517898078557259,-0.22203587793154403,1.5628933552099518,-2.1001975310371668
0.2765699578269818,6.61787048534385,2.026047389822552,-1.2696507292138357,-3.575278839820232,-2.4049201721035605
-7.902602851030992,1.2445353264880896,3.7082083551223515,-2.304592544247422,-3.1444227363159554,-3.3250316851544306
-0.8000504683441025,-5.412243265541592,5.400213925064085,-3.3235478879570697,-0.042490671214071796,-2.0151788702894917
1.4946073782446934,-2.157398026303105,6.90265570242834,-4.193902780559555,1.4303505293333691,-1.154072200536345
-4.946902598175504,-2.5466429091810694,4.4088420032077655,-2.610835216140777,-0.8917801749345166,5.45939842201628
4.44342042036793,5.223926856019375,0.3402891359399013,-0.5573260302204406,6.226800878958897,2.165469219172191
5.182948115559395,6.094017462349393,1.0232115761368257,-2.420624314192435,-2.3277029884989853,4.205325258562854
-5.549390530369618,5.762314182812668,1.2924530329540391,-4.417824595613538,2.1970360573445786,3.5922540057526646
1.5152985689739449,-1.1838009507936098,1.237582370964048,-6.460532011767989,4.818965421497461,3.3074006988658224
-2.743610655470554,-0.8907479589321579,2.3907259023888123,-6.513498092556015,1.3563855785350598,7.462759662314452
-4.6489877127051855,-2.7351077534433204,2.6126783958131607,-1.002888507871666,5.799015631256673,5.414628196024226
-5.624286137925948,-3.90876228505061,0.06090795025956282,1.6145238275168736,7.850799553048765,1.5378382157591541
4.649309660850876,-6.510293363399128,1.1132958599257836,0.46368990529459414,7.831479953074664,-1.6333774042117928
4.767395626019814,-6.424324006851393,0.7939927187469524,2.731934497639041,0.6638479058344449,6.107292454129809
-2.925380298975422,-5.866899260797189,0.12428177059584793,-0.721372332084868,3.0289816920374677,2.148822861133577
0.5181075855660702,-7.548168831964962,0.4512009135687179,-2.669132206466131,-2.0739118351103003,4.834891487839083
-3.607627957590166,-3.145138170596021,0.7646095802790375,-4.619144530077569,-5.642065043457089,-2.525142380927236
-5.242587237811305,-5.582384786077561,1.0609119566247833,-6.57191865593987,-3.49056883650929,1.8026265590134212
-4.665907635973327,-6.193519254710308,1.2459189905371104,-7.98235096127819,-6.958577447590975,1.651861231356569
-4.90859243167728,-6.31709746162591,0.8745087163214212,-5.968884289873107,-7.811699374148024,1.7255007643972122
0.2564822369376934,-0.027943910525137783,-7.985178069977927,-0.48675578141773346,-4.312447099453008,-5.015820832397146
2.23277508232662,-0.031692771121400384,-7.988448981754754,-0.42974744432216727,0.3706758901272826,-0.05508149532307233
-2.8508026905483925,0.6310288691380244,-7.6156127247271685,-2.4499883320076465,3.9640972404781394,-1.3764477652603682
-5.101983213762488,-0.36565034929539947,-7.522702062008794,-2.721939324498001,7.352824526242262,-0.1461284676726355
0.29587996320088655,0.39683755792041914,-7.1948263981696705,-3.4977811681408633,4.272181401923186,1.3542091992513547
2.1372903488604877,1.238099335541303,-7.5861405063654335,-2.5397779859038088,0.8727094092765775,3.1572373487188594
4.1006960178685405,1.0826636580172928,0.5604537567920189,2.3761692905455236,5.084218786644991,6.176626856911961
0.5362912111413737,-0.20461607183336947,-0.15457241556906526,2.734549830861197,2.0809782243751904,7.724605467574139
0.8813659522266484,-2.29473036436783,5.7899313037972515,-1.1947424357271195,1.0526290419293667,7.93044589541388
0.5123056843031661,-3.211088940821544,5.362948662249415,4.57281789958552,0.7240042380415935,7.967171258564599
1.3657660841252715,-2.1355450526795567,-3.4590780896676794,4.6986259835930735,0.6588914497705161,7.972820207267897
0.13498970369316693,-0.9595513430227852,-4.308730665440418,6.5834370237835795,0.7126065777259764,7.96819878425367
0.6217380929590651,-2.8775993021551196,-2.072962749895977,3.235776837613408,-0.22688636849042948,0.24918181272561823
1.2909331882430908,-4.680805455432775,0.40430837004072684,4.899863663631429,-1.6530020800294891,1.6164554195579233
1.4670369355111152,-4.357073208173091,2.4488272281456576,3.505881950523281,-2.9637018960011154,2.946143136307225
0.07549047674173623,1.0452775650138604,-2.472194042903701,-2.339125191447138,-0.0699824174241438,0.07143151441396785
0.23211221781017896,3.0140757983738977,-0.15001053567678896,5.062197516043719,-1.3518127325129392,0.9583599437199166
0.4107851189180731,4.9810902005560465,-0.905638638856505,6.675608279950716,-1.6294767748779166,1.1715634859628052
0.5543377812184572,6.183467035786292,-3.5623090742858916,7.034983460715282,0.3388964030021706,1.8868063567923945
0.3700589859389678,3.5124380093743572,-1.7918483782080954,4.17695008023559,-0.38500992237615406,3.8729099343609756
-0.08355166619582788,1.2031022895314845,-3.313435860729503,5.195654224577996,-0.4591117603478954,0.5701231371469295
0.14499969384759925,3.177693517125922,-4.069236091281443,6.887765794030204,-2.2842572638355887,0.7910825640991674
0.9345326707242868,5.070600032279112,-4.305649257511972,5.878781594240599,-3.3423690838577516,-1.460045340785823
2.285361541513653,6.002013575873393,-3.5610978664089816,1.8731146206870875,-3.359415074508659,-4.434399741384809
2.7091270051939746,3.1129194333355543,-2.463144821133173,1.8339408911056645,-2.644633739448621,-6.555031038121041
0.708049376015444,0.7704531993141966,4.3132141257803,-1.2502999850949723,-1.7567776307958423,-7.138604087322133
1.034667688345366,0.47285345204872536,-3.43579261750547,2.3739012322211828,-1.0097572357251026,-6.404056687672465
-0.5661309499958634,-0.32543009611402135,2.2837616489482646,-1.7802828707914655,0.04149795122028956,-4.794895284250288
-2.62539456715922,-0.11699302000912515,6.574293995038937,-4.250310928449752,0.8747393067422058,-3.1294439486995733
-4.073162376038361,2.056380418660835,6.8721390653241565,-4.095571348035049,1.2382828605925487,-2.0338433677967918
-3.1414464484803855,4.132449795832048,3.808959829417652,-2.565823762851034,1.2951401645634268,-1.2961447397333523
0.19308437694010322,1.1103366261551726,5.286614462716485,-3.8812939935462287,1.259343547746513,-0.1894268050119527
1.2874983218457832,2.8221892337765557,3.3293085202100006,-2.9468274900806044,1.1618953634513725,1.0348973522643872
2.6560662781560676,4.326804932746816,4.0776450062088525,1.6848972808410978,1.0593965414543156,1.6453681208444253
1.2946305055474188,4.489663749598588,5.259983954331431,3.915320294359641,0.7582289750323857,-1.1338363292033542
0.25801987441620255,2.0022615340836536,-2.407973572213468,3.337055021884624,1.1179787902074723,-3.146274689954177
0.4838954896848905,0.7989047260770427,-6.000716148741747,2.6848323153863523,0.6451670461118393,-5.274690084034447
-1.2007755815789525,0.11213386055838793,-2.518921415134094,5.153712973425499,-0.5729817362238782,-6.489045217153096
-3.162140586648633,0.3458726792758444,-3.9576927704848464,4.54471795452929,-2.115580742013788,-5.889644699422108
-5.115046906953755,0.648560821868555,-7.738270281604178,2.029574597998703,-3.3894705706394386,-4.37189950858045
-5.755129680573857,0.8847846565267751,5.194209648807845,-1.9462739555000907,-3.8457964702411847,-2.896261260299873
-2.3928701736764193,0.5822739387948536,1.2400097991733128,0.7238115361787456,-3.5412850530170665,-2.0586723632622586
0.74348662480831,-1.1435574488110105,1.6118975031508969,1.2438323458744576,-2.6553879935327123,-1.1949414874940723
2.236205983281944,-2.479577343083706,1.9856735947201125,1.0291983387756485,-1.3299899977599816,-0.168681574049175
3.9916539689062804,-3.507890333592932,2.053926535154397,0.3406054406536841,-0.1037278676871066,0.6105051259400841
4.179120464772573,-3.7913795600998794,6.854252037908894,0.9991124187455894,0.5174823833393407,0.8263403504295568
1.7091081281600764,-0.7836797338509711,5.330563811936262,-5.067109545330569,-0.8504672380840137,0.8550681124599075
0.7646435174157474,-1.0327367967076961,3.978346208264365,-6.940660015242682,-2.5888332272437697,1.8484327203116209
2.9109451841508207,-1.4676505493029182,-2.934022673449593,-2.04098691321454,-2.40573629257448,4.0601611835147455
5.2098898665189735,-0.5121255497853128,-6.347120995787866,-0.47154146085761595,0.35438421235670375,5.528870155731708
5.855953160090875,1.0454386844068175,-7.448371042679517,0.032445525699157374,3.5190525306182354,5.564898871999112
0.4043515744494484,0.026890873733925392,-1.1954357511776261,4.595095961820485,5.526615367605993,4.611532142273008
0.4265426604240092,0.7811282601714062,7.261896959367577,3.3563153236142687,5.840690290107205,3.4177464400690263
0.08921517736057713,2.8636105971532735,2.440838755458282,-1.323780605913141,4.868794905680274,2.6387751449085908
-1.5812421967578767,4.5744150571622075,-1.3166049860033433,-1.076814949652506,3.5412715479992642,2.600624958542598
-3.4117594848851005,5.079194414529659,2.02591198642007,0.4221661954253809,2.6259760221789485,3.0165825261774324
-0.2520742912717241,0.054977738038755455,0.8246333715769422,0.6932180987272977,2.4073101971000117,3.5424480815839856
-2.2008859559824643,0.37734600668239754,2.2185829307070675,1.5654354358712699,-0.9487185297625134,-0.01960330819209409
-4.172879320121904,0.5425331139193073,3.941927158005358,2.660335559909468,-1.7300462129325866,-2.0316074812584604
-6.158822838024577,0.5462510867969484,6.24623500985143,2.91838436213892,-1.6613015413740797,-4.732504970902262
-8.070795447179473,0.3640080353329507,7.875342593917131,1.4067618947194267,-1.0385643029214504,-6.677625731462032
-8.078832638105986,-0.052001975667490846,7.863567168364727,1.4711598786727342,-0.8949505798715469,-7.112231047492073
-8.059751303245315,-0.5573597849103296,1.6290936037553208,0.4104315170689266,4.264368934468561,3.1147544973145243
-5.606376418697532,-0.7284972136003571,3.5484283415815887,0.8761742433218163,0.23001892908759497,-1.7086976766207458
0.9982347102188641,1.4398620437010308,5.471227989273829,1.3276160172981621,-0.5607312237538291,0.33464831496293734
2.7237287982652845,2.990358038520972,7.180529042597901,1.1841100862114324,-2.0971606829034593,1.5837616834877335
-0.5506364776073011,-0.3510106401923227,4.782273796432171,-2.0073543214434717,-4.496213801930016,0.9857334565358127
-2.2239671595040273,-1.4001264490922212,0.009538958960824295,-2.59331549846842,6.232477049597061,-2.1038806587460823
-3.907796396367114,-2.4324342384821445,-4.216349175246359,-1.1455699879842631,7.994978260275448,-1.1621375210029181
-5.601849747293791,-3.4480956205918103,-6.1596627957842776,1.0278910789660303,8.073490913119013,0.2983043341699239
-6.873671197175664,-4.1796120215709776,-5.674553215024818,2.7109323636509686,7.678556542118523,1.8379628412233626
-4.953709592183714,-2.958535146523826,-3.7929542595304917,3.2296050560331633,0.31448461056367555,-0.9165481055125327
1.0468758537456027,-0.04852779455543876,-1.9288045967237564,2.6500872719572963,0.5998747778839243,-2.882236328072131
2.9681041204436434,0.5734866434412197,-0.9213972278651652,1.6037749131359387,-3.7604129253788767,-3.17109691284317
4.5121053521926076,2.1496300357770464,-0.9434735442032766,0.7150845601947153,-5.749744025879074,-3.803640313813572
5.138090351108728,4.473973443212254,-1.5741376562289162,0.5337017143449163,-7.4221659818950165,-3.13033801093483
2.949416054371516,5.10224270119382,0.5134427178900101,-1.6823963788137795,-0.17605181447863485,0.032353649234365095
0.7055268524926526,-0.8788406342516316,1.2776652992945632,-3.508607613139229,-0.7106401287710976,1.2446864905975725
1.98027049557176,-2.3876626152720957,2.216876084564422,-4.884904500611778,-0.735398287387324,-0.34192156835711685
0.33927415151940316,-5.065651197043752,2.222560024512014,-3.1253088035523007,-2.0126492330336685,-1.9264057373172956
0.09983062466289326,-7.051293345647969,1.644476388027764,0.8915782330159356,-1.7927045579369394,-4.410593085737125
0.14262883514384617,-7.989609702989123,0.8758627053832592,4.574766297838446,0.6512289387647778,-6.332682898110253
-0.7891551590115868,-3.2320482322512554,0.30624442084070164,5.641027872740136,-0.6916759979900221,0.23960032096077624
0.410301349090118,-0.06862071797080803,0.029849802366923268,1.6797347973113654,-1.3721584429470752,-2.3334588506011973
2.3620166353641956,0.2541823251455255,0.3180380890164631,3.641136741998957,-2.6180976742477866,-3.881583255335166
2.4334259514910914,1.246930967452468,0.7689013999399523,5.393791845779174,-4.200993894004107,-4.679395590056442
-0.9444103937658633,-0.4543049726197221,1.1473174818145064,5.772616578176686,-0.024359338692138164,-0.17733477554749857
-2.257150507779809,-1.4822521376697764,1.9043963741197438,5.474032716801398,-0.31218470198250897,-2.1312570731491047
-0.9947087631246843,-1.3024184659620348,3.152380218676361,4.5101636314929685,-1.3306138189126264,-3.9087220245137386
0.935284263056921,0.992844069971751,4.006122969568651,3.5659579422084198,-3.5153054713943446,-3.8675009862836056
2.8580166672228478,1.7264593044368055,4.2054756244544595,3.0626650041324845,0.07421670669388708,-0.32872614810433554
5.02559087492983,1.726856206469437,4.139676645647934,2.26214131672107,0.5173677181178278,-2.2533696199801643
7.194975211979976,1.1669844467659352,4.050170377072184,0.49608350128702033,0.9727503922831191,-4.175179717606544
7.607037161184878,0.09919927096275066,3.9267692907385574,-1.1897776634344404,1.4472572197040101,-6.092461779938761
-0.19800766142650109,0.165399413591488,3.8187187634713426,-2.2594446803692008,0.933868539578304,-3.7689606689241737
-1.7853920313979388,1.3411429059651845,3.7274895265043657,-2.872907690713641,-0.6882896282730854,-1.6187459305313159
-1.4218482362444222,-3.9605064818894884,0.17576282812649321,1.1132099659313943,-1.4525043874235604,-3.439910900665209
-1.4210267668671686,-6.017488839029699,-0.4867708730757221,3.0635695058420183,-2.204562556074427,-5.266173652316696
-1.6671961974275702,-7.383498557844791,0.0326131786472537,4.189418660127439,-2.377864818361866,-5.757480550674378
-1.024751421234064,-4.825133748048147,0.640853361390018,1.8044155443773802,0.30236614414168905,-0.7525262220526852
-0.338410527379263,0.649078049974646,0.8577236173826369,-2.1435954720616266,1.0528116204373854,-2.579415377924233
-0.564494301867733,2.647488467049264,0.7238825695248382,-5.358710598781554,1.82719228345478,-4.396417787163012
-0.12285854409872562,4.680387780744449,0.4126852095081179,-6.620886673071103,2.6162503878763066,-6.142202545031778
0.7161818922364502,6.618363279333686,-0.6303692704092642,-0.5102505099690658,0.04129446297948608,-0.0910756132410639
1.6709952577142313,7.668359196973819,-1.0911115361454122,-2.5634491638591945,0.10079542544834669,2.0725504293523676
2.039948933578922,6.323063325384773,0.14774239093459005,-4.758707091839225,0.9259374106424225,3.942732543753486
-1.7498207895458355,0.17946644386398916,1.4381563103297896,-2.232371757995129,2.8934313641460294,5.284759213150208
-3.663606543591148,0.7216253139657337,3.11188408286299,-5.397541360839153,4.916323921196708,3.258211324736148
-4.657280470783402,1.4350160285880653,3.8613627597378435,-7.096486358593919,1.04151456799387,-0.4305536025357838
-0.2954157429221309,1.1473999315426757,-0.12216876428228521,-0.13082734054370837,2.8630755292266454,-1.193818459374612
-0.7081349721373345,0.6614422584293025,-1.8364793178944276,-1.1256374704788463,4.678996550051635,-1.970512695875086
-2.291754780705616,1.847970785784494,-3.6986995374096994,-1.7963956152381875,6.486066214087473,-2.7679684005553415
-3.0103167055355184,1.906282184969526,-3.2018821377544495,-0.6224806328593486,4.373137336168688,-1.9177029179769267
-1.4805340754181082,0.24017320011085397,0.13595222727515432,1.977506682793356,1.3632481854511764,-0.8394971023559721
1.6522124925267763,0.6035518863680702,3.8790410996178744,4.364994984339032,-0.04403005647095411,0.334111290032475
3.6562753040806095,0.7578963654552442,6.029639023515509,5.3771455481601755,-0.6017322098392349,2.232322187239555
5.701740942737838,0.2878041380991649,6.189692578622384,5.072463728997921,-1.6208639740520583,3.968774241200952
7.631343613126674,-0.8980259786835725,-1.5914424037567032,-0.17467706067221572,-3.0639098969201837,5.461236136952376
7.682082976981136,-2.5011681540385284,-3.5183291500341065,-0.639637391043005,-4.837110869647297,6.470904066259971
6.446545521818486,-3.998328743785681,-5.339738843134643,-1.516835550453343,-5.79084494184532,5.633502983003055
3.8010182425068546,-4.2699834007105695,-5.776088199343447,-2.6679118825645074,-5.52393283950231,3.55261827615529
0.3123617311018653,1.8913802232610566,-2.3385793184629358,-2.8744903512301847,-1.6441963049742756,-0.34499059510215235
2.0869678370409708,3.2851528498924605,2.370209775124625,-2.27953811077343,-3.3140276262748634,-1.5415076685787261
4.598571521544902,3.6434638685234924,5.810540233298722,-1.4138340679710897,-4.532700374595771,-3.3393902608319594
6.303293059201356,2.0240166066092202,6.832851156702668,-0.756281370523056,-5.201251458867656,-5.54824370964605
-0.23219580120072125,-0.3451682342058075,0.19765942388533228,-0.948626244708272,-3.809307464679274,-6.02578156765353
-2.3512451218669597,-0.4341973939314057,-0.5792677518825589,-2.8864484876104983,-1.4253484191045618,0.22501307552256805
-4.255245301552456,0.9771608995532768,-2.9047007060243057,-3.9697953106453614,-3.3737464224616454,0.5482326850227617
-5.30790866577503,2.20291355495954,-5.598810061062685,-3.243649333469597,-5.318513085864334,0.8932343228346264
-0.8606839352344363,2.125692314618719,-7.154090310544937,-1.1607758287702556,-7.257267722654626,1.2725915297986325
-0.8102554966995126,-0.03474233826653312,-7.232171536887338,0.9018985099405014,-4.723027460925975,0.9032391695221028
2.458290448463733,-1.3109554038913687,-5.598872211800225,1.7254808346759007,0.9701441545780856,1.273586007829063
3.991556066245103,-2.5951110130439377,-4.194547962782064,2.407684552750663,2.9176386820449167,2.067646130515379
4.654537838026416,-4.86918612443397,0.9672734265153518,0.05781970561365928,5.293094325585104,1.6723496824703712
3.668074864318419,-5.890108569620783,2.922516501837061,-0.35501168500497926,7.5259283462483255,0.03284093689038772
1.0088769609792418,-4.228324626165027,4.521976851937926,-1.3047106110068785,7.5413028017351325,-2.245010622669529
0.9254781483276973,-1.4021020636772257,4.356709193419733,-2.206826832054643,0.3985723364503903,0.969249241741502
2.261400101790823,-2.87142727221507,3.081420632091971,-2.2967295210511605,1.3676730652798543,2.1453790977913716
3.931158193012096,-4.030247543453609,2.2191409737028267,-1.459450811411784,0.005672644488676776,0.3369522534492166
4.335599349670054,-3.2079194792456036,1.9049255369438194,-0.47308297942878536,-0.3236677950604821,2.289232001882003
2.2655832057402994,-0.5631601127958711,2.099421134144649,0.1560095071166431,-1.372517575235348,2.8601694952703878
-0.7375618208478446,-1.7694325532293143,-1.4758903915581043,-0.37179504045436673,-0.8110850407014818,-0.5301905853089767
-1.5354034375116212,-3.576338949830891,-3.3916469969546914,-0.851903543864118,-1.7335424074127854,-0.7389964444230712
-2.308463942712689,-5.393763363848599,-5.308164004131134,-1.3289766383373733,-0.3835304476662296,-0.7145805732826366
-2.840894755704088,-6.673353906843499,-7.225677050680535,-1.8020544273879542,-1.222886733781371,-2.50326667303776
-1.612974500208449,-3.8339204439361896,-7.694767472220887,-1.908689780064973,-1.7144046752115867,-4.4407624412788556
-0.11935949615935318,-0.9616206688068769,-0.8350054211513389,1.0785462190596535,0.7939738259509619,-0.36506442134895406
0.3323593036617636,-2.9251791899419555,-1.207208894295957,3.113128279646175,-0.6390707507966649,-1.723320218495734
1.6522877127887992,-4.633196122998374,0.0928039655019458,5.2209525757187585,-0.7796974751643578,-3.732430956792416
3.679038800152069,-5.8302580995163105,3.027696049213384,5.067077237250473,-0.2768030604846996,-5.781377350226006
5.671097094560665,-5.754033258859861,5.863914732237625,2.922934670176846,0.9496338688734671,-7.704697561558679
2.510693869522508,-3.9141128305269124,7.355155919470415,0.40026049750168835,2.5324089882791663,-7.671841090382589
7.25914817988611,-1.2383479204056214,4.156303022853584,-6.927870248656364,-4.099907109831173,-5.9116469684640585
6.040789466617477,-1.8178377069132285,5.632442166337325,-5.791876746173482,2.6036295560529004,0.632471232061879
4.028561203519737,-2.02864012504181,0.12811440456019874,0.12501079691044978,-1.9799238620969208,3.6196009031630263
2.1239312629781457,-1.8556793963261689,1.4569861672505489,1.5864763813056133,-0.28593134404308335,7.957108084792016
1.1693257902546124,-1.4765188663819855,2.772097527282685,3.060084361456927,-6.596758925880659,-3.1149811477347207
0.2147501444890145,-0.5323141698677083,4.070738701760959,4.548395587675445,-0.6111745199342034,0.14207708048012893
1.7969663574989057,-1.807847590372905,5.354260293889633,6.049970058213242,0.9463824090677505,0.8769584623861727
4.016825486345527,-1.1921750957849642,5.321345251565712,6.0789411671473585,1.1752162779675643,1.4098748331701092
5.190692557937055,1.2553764425349871,5.289740101786299,6.106463023351055,1.0705558051593271,1.7924087396189867
5.0974491832455096,3.865648693512017,5.259678699374953,6.132374823780852,0.914632171330629,2.065824992508614
4.188944952102856,5.414822532119002,5.223980457145734,6.162813414615055,0.7788139423744527,2.260896055989151
3.137460334421351,5.541024473372977,4.788510990082988,6.50695039921577,0.674530288315743,2.3999640746315545
2.5525401653144524,4.658256061471786,3.280261217019691,7.383097408819441,0.5979448593953907,2.4990745081596093
2.6048933963886003,3.5864271471992226,1.6297829394001906,7.912903927790347,-1.121386668344885,0.11234295731534855
-0.06548842987825351,-0.1665901124079129,0.04126329420344826,8.078894623681592,-2.3297754267372874,0.9934091518470666
-0.8926611488069595,-1.9603244816638485,-1.4503396169365363,7.9477516314706405,-2.2887655889593286,1.979991475146499
-3.805174787012244,1.6028991984171532,-2.4895696253214687,7.038086557286483,-1.9618734122130628,2.7885150361428006
-4.661734322681661,3.939488840909867,-1.481962016193132,-0.6057966511633965,-1.6179793689097826,3.398999903480309
-3.649909292820694,5.242737267916562,-3.351376129894664,-1.2474189496605712,-1.3398999086811403,3.8434218448152517
-0.8684662462029623,4.618786947219115,-3.396635420883342,-1.0777583529494106,-1.1132737457267325,4.166385273238996
1.8274699447722265,2.9596590837191274,-1.2927220029699698,0.641185482553456,-0.8419111260616647,4.408300576850464
3.2556494423594544,1.3537848130162937,-2.965236370344092,1.7000286079912332,-0.4348381285109058,4.642706356230384
3.1772824512137445,0.510394536708125,-4.388961035153958,3.133922467436023,7.735235346590361,2.0411110045411776
2.225498843047138,0.7517481739966898,-3.8561047806574456,4.431723560216408,-4.123246415512837,6.855569925028884
1.4377404178574162,1.7859686673981519,-0.4770046318505648,-0.3192844831699581,-6.271186597145696,4.967113715607905
1.0396624187369905,2.8368507922397983,-2.195220928530177,-1.2955331238309233,-0.15887363067717625,0.08246314010181884
1.0866850972207862,3.418676553744669,-4.146633152582461,-1.808869674107025,-1.4084287974697225,-1.6297375010896664
-0.8336190958403022,-1.3668504684311285,-0.9049011809809631,0.906924239614774,-3.598667525770303,-0.3195586087319638
-1.7537272672399131,-3.1164429518505945,-1.3283579344263663,1.1530594945823547,-0.611973120721706,-0.9463709101161845
-2.527056597238534,-4.9424271319214395,-2.756964028650704,2.518313988510191,-2.63376814357469,-1.6388011977940278
-3.0932554727200614,-6.860936275792631,-4.081175477336647,3.9920781208771414,-4.383294196395202,-0.01535356157721457
-2.662201166304131,-7.2444818636991695,-3.95341700930296,4.372731775909696,1.409034649308902,6.506832216666126
-8.035933232566263,-0.6295259968530367,-0.3990347625777363,0.7060398418322648,0.38029883599595954,0.5308312305621422
-3.500135758954609,7.281434657324549,-1.365644921368056,2.4283348098525543,1.2816603685958774,2.2942821752283837
-1.91077429489894,7.849788697407931,-2.3240122342477707,4.155248263950866,2.058330157690163,4.1171453656560635
-1.466232931642731,7.944834925293677,-3.2719449061467123,5.8879599634457875,2.7902118416586563,5.956912109362345
-1.1975237360952742,7.788920203437253,-3.8985417078334805,7.0761298428083315,3.3004694839947204,7.374085854207249
-0.5331231449257702,0.3982143651716943,-4.674141618565127,6.5895858086527115,3.081852885250964,7.141774864830172
-0.025519199788501166,0.09668903992777343,-0.03361598751677668,-0.09418049364529746,1.7580998337426734,-0.9450401973429384
-0.03557514711238916,0.09345805961998072,-0.09602161601804807,0.027925781229583096,3.9705657078109935,0.05872784650756129
-0.05820816227062242,1.1254958062316698,-0.6376931733518482,0.7136445763431671,4.717523636238826,3.619376568074669
-0.4461299384952283,3.069751142678874,-0.9841054213605221,-0.36033390022148765,2.829066196987893,6.545204604583362
0.530541889309534,5.041302214439836,-2.7869860862039455,-1.1709985291645855,0.7438102600841439,-1.3278668220094803
2.3456855960333485,4.978796474490275,-4.096137943695673,-1.7808442158180946,0.29476721376946385,-3.4845546759502293
