352.5635501646665,77.12382712303858,-184.97812040815998,18.5960316743698,-339.92574193298515,-101.98279871814792
355.64509431445276,89.99105201817264,-177.05466625143387,18.319637915034757,-307.28580041475817,-118.14096308195282
-174.14288028382376,11.248802579543877,-267.8070318432723,-115.25163661090878,331.22958302142473,11.601718670572476
-171.66895036419024,-2.114903373566797,-269.32559230927967,-90.94463050981668,342.7329119010551,30.3665997861118
-168.45972114525057,-18.18204698169138,-304.8692405537802,-81.89160031296512,369.1928843019078,59.35726855098594
-164.22887583161602,-27.68887138376624,-304.6293649994904,-77.29796524104323,-63.31163856891534,249.66291088706635
-158.35197084534582,-32.86386069508674,-310.917380303071,-62.71296357761128,-79.95061906145216,246.68074607246044
-150.0378785172809,-36.46789626099204,-317.24150976253475,-37.74330093751346,-82.44536457757825,248.05757377470732
-138.75006881897852,-39.380486878293866,-318.578817740353,-21.029914271308577,-85.98593695767305,252.1598652979908
-124.21112984233417,-42.05021589397793,-309.70280943661453,-25.56759821161488,-91.01599212837772,254.94030809815868
-118.13028019422804,-42.27150724390118,-293.86988487388675,-37.50045512726543,-99.4972450047003,256.13359099491817
-120.44985073510374,-39.45242241456791,-308.347077294985,-62.0932475732169,-115.89057036351284,257.243304258938
-126.25948778706399,-33.7795579987166,-337.53488879958206,-80.45530922960997,-136.76644430332405,262.39979244320995
-131.1188079072352,-25.659425165724596,-332.63673499473697,-50.2316339354332,-124.39830543734078,277.8386102332407
-128.6918779071597,-17.58218980006168,-317.83641856932127,-30.619533876800972,-109.01469161831962,295.9021110148294
-119.5569115183617,-8.833423436596405,-309.2975999107405,-34.00928284417514,-91.19050737769737,311.6310240493669
-107.52792277948619,-2.1806577176857433,-292.63325507696726,-43.218494151536696,-71.90833203051308,326.78429603008493
-99.83286941262881,-5.1995009664035345,-273.3545565976982,-64.30122054400144,-52.82036201859251,341.4476796301091
-94.89433458483124,-16.238430011805413,-289.82836647000045,-86.37694624333949,-33.20624878363176,355.8638568439628
-96.42397510535437,-24.18478884328355,-322.5717868546129,-73.4161511267538,-5.177802175367863,377.9887269768249
-105.05535784282796,-26.027237937268936,-321.56237217661953,-71.59963433813469,-319.01021171954324,-68.76409257827983
-108.96591714076513,-26.378801224836604,-199.8050731039813,265.0764070141048,-168.25853128980978,-358.6037829629498
-102.55402840893176,-25.365726609272492,-195.80609946457636,225.39963477522807,100.33706996625322,2.8879164889432016
-96.25491351403501,-20.574896124014998,-194.3841698821655,208.56372777156957,110.24371360085563,-3.9433886515647996
-99.73971386026354,-17.06729824971049,-200.13152855082652,199.4554515356963,110.31533899937962,-3.667139437484299
-111.34652990413232,-19.819368100200098,-211.09763989422143,181.9637374418002,107.05712433033484,-4.1739126158217505
-116.50909696904765,-21.822578966293257,-227.2148926515611,156.04649991401504,103.91184633025816,-8.471716027265877
-113.7791515176288,-21.987394759202655,-246.28740438397443,125.01750318327369,85.74763397823845,-9.738990660591577
-117.09402108713594,-25.528564558217727,-241.28055963966253,126.4333016952775,67.79784008355671,-19.987432113826394
-124.54620915867464,-31.647484819697763,-227.41005510955358,132.39577724625792,66.64636458507852,-47.79429959882661
-124.55873681689373,-36.19365478791989,-207.3009854294419,147.07540273351051,82.46181134695149,-59.71060520073305
-125.11454702873085,-42.214810269290915,-194.9868135395434,170.4670831539612,87.34850147389157,-72.48307954991304
-130.73489451460898,-51.577156947434574,-209.8244893664883,185.31263209938615,89.20075143999355,-67.38304453440917
-131.5824267312442,-61.67496502174854,-238.4012967777179,190.0767813768748,83.09814942522958,-62.35856278977035
-133.03121474734598,-74.71809829880182,-235.57260338355616,187.5198649778473,79.82042508309242,-65.00303667318131
-138.38134612532204,-92.43701277477605,-222.42987964315768,180.92961151927068,63.28380701141328,-75.0118268850033
-146.5607595904377,-115.51995141040527,-198.75870401219416,174.4584196480278,59.14606400319129,-77.41806845837922
-163.5032246378524,-136.66860224975804,-164.4614911519451,175.02543283901036,67.49580032775569,-72.01443423249157
-191.26794790118421,-153.70831900128576,-130.83423576740554,191.12211097919706,84.59204781533447,-55.14693716544142
-227.13054896975024,-169.3811645167651,-121.86429908127099,217.18463981947943,76.49342038022421,-48.16695801370069
-265.15873609231215,-175.22508630569084,-129.53608605041276,242.26621598394487,52.346118960320005,-44.519625867804834
-304.78591729132677,-180.54427732447698,-127.05924586513434,246.94610959490782,23.08176981041282,-42.30551002093103
-336.0849855323093,-195.10466623046764,-114.74094723039599,253.44995196504146,14.724478670565952,-55.747284189913714
-93.51190796086195,264.21996005831517,1.3716227877209386,-69.28968369497905,59.615985738916514,201.16181538047172
-63.22355095900877,278.9484559892251,-11.332031796007882,-79.71213716505532,33.209857025887764,222.93863522256447
-26.711975888873184,295.85576354217534,4.55055152410585,-64.48465599728635,18.975755009270348,234.21531967024427
10.009555251607756,311.7132982817345,11.11082334959687,-61.30355533266395,-8.505897110099381,233.8304122810333
17.433846305599253,317.0142000538867,10.794058292555535,-58.45933230971321,4.666007908626044,264.0276538035635
25.013363450296495,328.22774554009754,-2.296491918162991,-56.87237220738803,25.4960585889923,281.90625343146036
38.5234763109282,347.34478685523084,-19.825101975650984,-54.058259493201845,40.24157289203308,287.28445746205443
59.41164924383586,373.0482001255466,-38.85938872370857,-48.4548150656666,45.44203699805945,293.02792328490426
-49.60867934634245,-36.13859903469581,45.157310684337986,292.1483699907008,204.448154240645,57.778155150545174
-43.262338815649684,-15.004762314655745,40.098925369118085,283.2031910330957,206.2284985531541,26.51700879541226
-29.496296419976936,11.219715567646341,17.913117441197656,269.23285225566747,203.16029551562576,4.795799334049698
-14.50320099489241,21.780786830935156,-14.886384252368432,271.32467474188576,208.21359316037632,28.79575334748727
2.992723051764259,24.12218073744673,-43.94756909761854,271.64316813755505,204.42732715274047,4.6066658188878
21.237929348154722,32.18586625317108,-56.04342481365785,280.2496081733475,189.7501263956571,-25.326828832122484
29.87841708463477,23.773155137725322,-85.20045619463113,307.6332992108411,174.26595558171803,-61.59314185035298
42.179543433362774,18.135166422244158,-123.6274861451225,309.61998005200206,185.50734667354087,-72.22409989001271
51.661672805775424,5.742186867032572,-145.9413437721213,338.02061928072135,194.0320513966796,-83.81130219531669
57.596858561544,-5.003120846353104,195.71494649464796,-82.57275711335139,-247.1508138065284,-278.62653312215235
44.704293487893345,-10.475132423070873,205.3797226129312,-74.11073644821373,-245.7936488933466,-240.7571741382166
19.519193557407675,-15.503425349922281,211.85577650618922,-58.23576361089342,-259.0002797407024,-208.44635201339986
-11.3170882847958,-26.76257969106316,206.90287327032587,-20.997254439794,-267.69978069733634,-201.58915377603594
-12.847329070305348,-43.602406979079234,205.785936253287,17.41440268400514,-276.5655498786311,-194.17085822322886
-29.279650859993048,-61.33455098913838,207.18668748205386,54.75066098874958,-292.8819851588348,-180.28311370683025
-39.861955888753805,-82.22026125275643,209.03084492922497,66.34116456612487,-310.2617849188808,-165.11957710460308
-58.23112880053104,-104.15542897113531,209.0728950493217,83.2455813914296,-314.91065500492675,-165.88160210559914
-75.83040394998632,-117.193509217618,209.68321266123917,91.74746296231129,-321.63311428946355,-171.97802722292545
-81.60421430152613,-113.09444477224974,215.44087837999672,105.33118124108807,-317.29086467225807,-169.11664410816027
-81.54169624003438,-116.36919148491589,219.9476558491157,117.60246222790892,-304.6524512378178,-160.8260744133573
-79.45807819808022,-118.18286378176857,227.78530989714866,139.326257986279,-283.71175182826676,-147.18838628392237
-73.47672024674443,-123.91184600345348,243.48164958011623,168.17052565754318,-254.42020856770597,-128.27882108816922
-71.89575441247912,-130.59883988131926,250.5260958251535,206.320629238997,-220.4081875286,-106.58320329160014
-70.89037276763537,-138.69265090432265,248.99285303082834,246.2168900878799,-194.5099864595528,-90.42368853863171
-68.03320954207634,-147.70374659190003,281.7369560144293,262.9102072180276,-197.01424446295542,-85.84301966634278
-62.524054259479584,-156.90179270492337,-204.4154544657898,-72.6640869010039,-110.14102169578797,-292.61496393120973
-54.82791349210267,-166.51696839972342,-216.33807018045505,-51.85062452772904,-117.21431901892625,-329.97122344893864
-51.72353804698777,-176.57407366172197,-223.5299793751032,-39.07213272789984,-126.25450593239496,-368.9278332673456
-63.91983665168896,-195.31970367315904,-215.92386135406446,-38.82909365890673,93.81911911842495,179.23069173412944
-86.59005159690349,-219.6683765576943,-198.4475687162928,-38.277354587280804,90.54129271385568,197.88796439383776
-97.85744177886745,-228.94160140523005,-171.5407639788318,-37.4410484703324,85.77424218394182,194.93989138484804
-106.28242332719576,-236.45989987125674,-151.2641020819755,-36.885628617582086,73.16545938769886,185.24517024488046
-113.64584963414582,-247.046600240471,-155.84327988468254,-41.39207881245033,54.73796553530016,171.06299407196397
-122.77397938120919,-244.59311363632946,-167.1310160907242,-53.150537977855684,51.55023338356292,165.99131110300578
-132.4383435703833,-238.4586912902719,-184.8085711076225,-72.45360354493977,61.2334758862942,159.6771831997643
-142.03610378974795,-231.46979638858048,-208.61417748383317,-99.50391425681977,79.13123230773412,147.88191748649808
-152.69411285514138,-223.32979714064408,-234.75658836609745,-130.29816853725953,98.9404761093415,134.61739834779908
-164.49334727264,-217.36230791645858,-260.35520423933264,-161.5460194995208,104.35051101817687,134.70656733434095
-184.83488236900914,-221.07533618710298,-285.44831951899596,-193.2013525769504,118.35621216443964,137.3559100199205
-203.2472029839859,-214.77272564612005,-309.25299493087044,-224.12105368008562,130.10084808185618,139.47026418174445
-209.686476750394,-214.36723343093993,-310.3501028251317,-225.70039135771762,124.15091459819165,134.72576509948652
-215.94721784067372,-211.3335964661334,-301.94181229225956,-215.0939407324456,110.54064511620406,123.74920997344832
-216.12866354096798,-204.09140214350975,-287.02749355241,-197.05602232425082,90.13385250693467,107.03496950113586
-218.4678017105637,-188.70753836773628,-267.41139823979967,-170.2045886048398,80.47769610015146,99.77301176653536
-221.61379845935636,-172.3400101708161,-248.12025979795942,-135.0075433465614,81.69426987910796,107.13296160258422
-231.84073842817435,-167.75574269124334,-232.29475047872384,-97.8553416741665,81.43078380203838,106.7882331311388
-233.84905355832666,-182.0034821698161,-219.44786975766635,-59.77262155916547,72.10705566552382,104.56555051268903
-229.16266575567167,-201.02851782146874,-214.24560657630607,-41.213480908079404,53.17613497658861,100.05868482228254
-222.8584072177859,-218.45409220208398,-211.9181867496804,-31.102905942913537,24.636163902458485,93.27545083847615
-222.7237388117759,-217.70210398771871,-207.35509712811802,-11.373722285672144,-12.716988892563146,84.41777789931491
-216.0823993614343,-226.84327125363973,-200.5455882638161,17.97157008795699,-35.42816913610766,79.02579472697313
-211.47454841630815,-232.72473054919425,-191.22597274822542,55.79334253837423,-42.68264890646334,76.7269638804615
-202.78862127171962,-243.73691706787886,-190.716163084966,70.86371186146359,-59.35072934333863,71.44488857379633
-187.826721785993,-259.3231660058946,-199.13890086368403,51.853098140331824,-85.43231490056428,63.179267314431826
-166.83078179751956,-277.75800560803697,-206.30453384963516,26.953648144985774,-119.20090828384029,52.47676336517103
-139.88649381134917,-297.7561973550794,-203.76704908642463,31.301493380496368,-133.00783595540653,49.19202515352653
-106.68936109633685,-318.56164986307357,-204.23181976719675,47.19968616483591,-141.13308063877662,54.98691412353386
-75.51922274921921,-336.00101051240983,-204.80518367447056,72.86781742378021,-157.26295334761662,66.5648173871267
-82.51822722690088,-342.26275495846664,-205.04442189142918,96.77841247247993,-181.3159413048211,83.9776431892093
-66.81238104533686,-349.4405262944618,-125.51881390602729,240.4786160505338,210.156696166161,-296.45014394578504
-57.632082081993374,-357.3216950328101,-129.42449780092653,259.94091726933067,220.54629997741523,-290.52309083652415
-39.06018432969285,-367.1883628876179,-145.922031463752,293.8211125364482,218.73215497566744,-277.8603643988946
-16.43926432453996,-381.50478977658173,-175.42164899649458,319.95269849964063,214.0155710837731,-264.00649258916883
-210.40140138710694,338.0566676929788,208.6112805973356,-250.37414825175682,-309.3568586058884,-41.96797689444532
203.05051282177794,-237.38014762141998,-305.2312433297805,-56.85628090373932,0.8720087512535091,280.47365961728843
197.46167233221402,-225.219451890359,-336.2613175691494,-54.9493144431671,22.218809636604647,268.15982215129117
191.87700290067778,-214.04944063593052,-373.530210971364,-40.61730515145304,34.05864451132374,264.4435302600459
186.30599015256277,-204.0365197562069,49.83899819720404,266.33612077144784,-140.45235259296027,13.584834225487228
181.99831335595124,-195.41446396423896,64.25694499334844,262.31176829560223,-151.42977020386365,33.109355786560705
188.7252297680789,-188.01633914385786,88.54868669214804,253.64516396759595,-148.8326196375635,39.056165342030695
200.97348083251313,-180.45632115353996,126.50903167191082,255.96411406933706,-144.75951797900802,41.20374560755794
215.78969525615366,-172.1632075053835,163.9465403241577,253.6582815265032,-131.26893303593607,44.18570056013919
232.67018966605548,-162.88736257226805,177.9776466716154,290.38810591849483,-108.17322476051298,39.28943944809322
237.97993248041828,-160.98057462664394,193.94454739161165,326.8335303257954,-95.71057478068772,32.776935433404496
238.78609422490857,-162.03713452698472,-91.04125460663214,23.186387409560922,-142.69728190061278,-223.937077734453
240.7679975363903,-162.5390103381922,-84.89043468976358,5.214674120376284,-164.3916794297278,-208.4063367824597
244.03792253249173,-162.44596489630956,-80.46202028294098,3.2752237177140384,-148.40929311859492,-203.59038739421518
246.336210864587,-163.19000006752202,-66.57705688602942,4.279701081275626,-114.84933129021442,-181.8611985811262
249.31201611690008,-163.78853673174115,-44.26399394719591,-1.51375571010969,-83.37868533506574,-157.18894582651123
252.47743236554794,-164.58806148719688,-26.9978249514975,-8.063250060532718,-81.22323335309261,-125.42767008657297
255.66994973538206,-165.74055049904806,-24.231666991823744,-0.15204369862702294,-84.25197725369217,-95.67311206234483
258.85724671436645,-167.32562213791488,-23.711812764271205,17.91152052794663,-77.98897746198335,-100.2216750439385
262.5538600368808,-169.09656917440503,-24.43024429782846,26.51139961617498,-60.246535481837036,-100.72380017685151
266.3324697294654,-171.3974126787607,-21.430120558530536,27.150230861147364,-52.54962578127147,-98.44666494346995
270.37643633543615,-174.20974105076377,-39.24530638195506,16.007636552716285,-65.97551074019127,-107.59477939896766
274.90357010727143,-177.50983784487187,-53.537028477571006,-0.3810337226967395,-78.58619992972464,-108.6415577190765
280.9160195585278,-180.86672342438698,-48.899923410172335,4.061423679869405,-93.19288726764961,-77.49181418595415
295.62599499202753,-179.37064931936746,-35.89468488451105,13.868754470592616,-91.78576685694681,-46.1163581419268
301.33804812073123,-184.23235806580058,-13.07739165527546,26.648667946563847,-85.30925412257221,-7.547876984301048
320.8375592922404,-178.6818040903128,20.653675967055985,39.20420981508881,-90.2681045102787,-3.3501734887385517
339.76098190375035,-174.60604173340354,60.40380490021889,45.90080938201772,-95.87000198370328,-6.268130952526942
100.2689843902606,42.023042393030686,-98.99691001422548,-5.071188130839354,50.93997072443856,-184.56042678032742
123.28430099721074,23.920474161447334,-102.22947588628561,-5.106129178599101,52.791364297637195,-198.53550801274946
107.75559820123121,-4.1278686013909445,-117.14356892984564,-2.779000877818841,49.182149745087415,-205.81748048054453
82.02173471005533,-24.885643703669484,-135.3987821933879,-11.719846199292483,62.41639937425356,-200.73802085748864
56.142517004515845,-29.601849021729137,-151.56656517145913,-20.085271265950617,71.19207328740343,-210.2812567746149
42.66859677375087,-26.98424943571907,-146.10686458625378,-28.190346447520774,67.85743599741149,-244.9623998934405
32.473151228940985,-25.095809745179473,-152.36692483615514,-40.66229257300788,52.42344564005915,-281.5615677005579
12.303462409582599,-23.363311194331438,-172.2481590066211,-27.109015591256405,52.702309526924836,-320.8234777571349
-17.813870354931602,-22.98671785927323,-196.13966459456162,-3.874313898725955,58.009946934215534,-360.46976052594357
-56.724813272547536,-24.7823875810417,-212.2789189186132,11.019949128152259,300.0739896127445,-155.19994263458585
-96.92043999226664,-28.748235667034404,-234.61105216215597,-0.22578652933806703,307.4724779036848,-163.0813713309016
-136.8927527511353,-34.556350413038714,-254.05003458399636,2.066484670103657,325.8253762943961,-196.88530710498156
-176.56290232087287,-41.82109512713796,-268.60038599031145,1.4363242617251737,39.34304211000328,257.1258658519337
-177.22144999107266,-43.68514809432079,-265.06799351763607,-24.999484448731252,32.21664343275452,260.00987608497127
-163.34945355487972,-44.7900152995226,-249.25140293276192,-23.491891026988565,20.94578068888284,267.63048621593333
-139.5982318553381,-43.436281288682146,-215.1383248144491,-23.21477282086971,10.417319443087793,276.0125780432654
-106.41454762711822,-37.76478598499304,-184.24456022021926,-15.082015424118877,2.2507985610283265,283.58585135967473
-67.60659480068276,-27.19426620069245,-171.27064953384692,-16.42172320542406,-3.3812677209799777,289.92701413055147
-29.772598747118067,-13.07557340399755,-156.0965377305847,-16.45950527546947,-6.855061324394458,295.0972326356637
6.827339402039178,3.9976365534209255,-142.35537083300494,-16.74029621575291,-8.678500299632343,299.32082039437853
42.170131484936455,23.31474701705571,-128.87546471638126,-15.24733997827575,-9.3189550716602,302.84182363725694
48.63517833916736,27.23552456607902,-97.53701296526927,-5.065200382337107,-12.902549237591884,304.2593498564884
54.51148247806965,39.2585725273335,-101.97083970589065,-1.519169583034708,-23.12890202549913,306.3521438275243
44.43655601866609,51.0374283833581,-107.0635562265143,4.673866084000608,-34.37803769257092,308.6136921125911
19.3522530966758,42.08925565333587,-113.94804974849083,-10.531956894260952,-44.12236892185507,310.591616496645
11.536690084936922,36.69230269421972,-97.3067315791308,-37.43519581585558,-51.715626799562784,312.1727216324227
22.236605479680836,41.06733473629473,-76.65191129584923,-30.62601450408103,-57.29785073807417,313.38500179636355
40.808341480966455,51.47804911979774,-51.33900232674052,-19.860860383922724,-61.26683387768156,314.3022411878031
64.01111290484268,72.47726719965047,-43.16729247254875,-19.64418622909022,-64.04404305801368,315.0018910320717
75.0693275553751,103.18139285418319,-31.256603740610593,-32.19859564339058,-63.28746952359962,315.44970196096506
39.54542621475695,112.42215493802944,-7.591107787112945,-64.44116142001864,-61.319528355120134,315.1933127437531
34.13607987756751,93.50420018287642,12.40531588760462,-97.8115054351913,-59.30230217126708,313.3306416080982
53.51866889570447,71.76917507118581,9.413048471053358,-106.91116884751845,-57.56347025249683,310.0260191243014
55.3587388444627,77.50971007362057,22.327420080030933,-99.41057938374907,-55.860406201946084,306.2308543824368
58.890548648138875,93.01179267997358,54.39755550081949,-78.72704929109372,-53.65862200752669,303.2392849851864
62.226938025755224,118.56470857557437,62.37751337066318,-74.51999447258994,-50.45512975395857,302.1374352842817
63.1934990387991,154.18866572814633,63.93664025413156,-74.10725202007924,-46.000482069469726,303.44717447486425
59.34339267755184,194.36430358439148,70.96369370714716,-72.4885108817214,-40.27003639314265,307.22816288421154
48.753054101548564,232.81533170736333,71.62142886500922,-74.15102848842659,-33.329750388160214,313.356188967175
48.42033002518176,235.25647073177862,70.5264254657494,-74.78026808393798,-25.24511712693761,321.70542270423675
58.999065125205384,227.5698956251165,72.03145536833699,-70.82128168718995,-16.051145591823392,332.2083678618868
80.57607308300688,219.7177365073329,75.19194902675869,-58.758859003606744,-5.7559876559417855,344.8493705197422
113.05604489751333,214.79914179165476,78.10141760797339,-56.04443358931964,5.64559152870744,359.63865835603417
152.96796087172223,214.72895129720374,76.32774576045591,-58.74184262939537,16.665352487947942,376.22223816592737
159.4065950304235,211.42610074535645,104.44715317541807,-41.58160733487521,16.92309071223731,378.12964078015466
164.71020073712555,198.54828124479212,144.30760952413263,-39.09535280062229,17.527021456916785,376.5849892230589
172.30311268760454,175.9910392692381,162.2364369641927,-60.2050454452211,22.995363337469993,366.8519968099452
180.99002897478243,143.46601973606369,165.0323381829246,-65.37299197454169,34.13206579192175,349.0739012948834
210.92828963451748,117.24297098380953,164.9733077382008,-57.6499037781626,49.4822337793307,327.19809509812757
243.75746460980753,96.50632485969548,166.4150817922189,-49.50038758106971,65.44651582700558,307.4338154427322
241.27873270207112,92.59371198508607,170.6469358390136,-40.42246557737828,80.42826175264524,291.9670549804239
230.48615463896118,82.58379600086667,182.7908647453577,-32.074910942653645,94.02475534886003,280.838913139861
212.52707673038952,65.78042418248951,211.9970040612717,-29.297643224229567,106.33100933141299,273.3142618879396
200.54867427358525,54.46382980620862,223.3017991517604,-50.7014333020269,117.60409242898665,268.506686505489
194.81903311102917,49.060803741500706,230.9311676412715,-71.72497679271622,128.11475353502738,265.6287268981718
191.44339493305196,44.064432397875535,231.8254567408978,-98.85678583311132,137.29484262092527,264.1620446022227
182.83910967262855,30.688098342941306,248.42868045726405,-83.91056251070566,131.49795081140638,265.82238916877645
169.75376514360087,8.48417789499384,253.37178098087853,-85.38019873693489,116.2501478231977,270.3468451473224
154.09403256789196,-23.43189849692253,259.29543408875094,-85.55497731671643,94.39985064612453,277.1466029544525
150.0132723858105,-36.070478527247616,264.229544340115,-83.83271536055919,69.0708940362258,280.5536615380344
159.51581875459868,-30.21072748114572,267.2132527598864,-79.86239934266835,39.77616904302016,271.7469465441921
176.98562791211768,-18.48703183593754,270.9581996663736,-79.26787152224794,15.917536834389617,262.07648986800433
202.1304997610936,-0.5032903768282754,273.0558235251879,-77.99088744245007,-0.03417456683069081,256.98638372026466
233.56611416151404,23.16795126574439,273.6457163906567,-78.88382102699642,-8.559559694917587,257.63714617944686
265.2817901209919,48.18412687970935,272.23438457472497,-80.88611520334032,-11.114481894400136,263.4526966153277
298.1180599852423,70.94381574675525,269.8526826831987,-83.87004261708952,-9.252872388489253,273.3338296868299
329.46296005802486,61.347402299967236,262.7565391618173,-92.54658534310607,-4.323834543602364,286.15337840177267
331.46387253004036,55.34818413225682,258.8998288248656,-114.6282532844031,1.8948070526317369,300.1854378608008
326.38876789536215,52.50031589037256,277.3627614145192,-148.6757750385161,6.926268181146122,312.85795073105777
322.29796528863864,43.832149162635375,285.3807458690842,-156.5219778874046,9.123685963004101,322.42659581463505
314.14355877080146,26.163132816164484,270.4570168290735,-156.35880455234175,8.25057907012882,328.6472689267446
302.83915784909834,0.841330206548703,279.67445957847474,-155.61173059033845,4.680232974259997,331.9300573713028
305.42979692462677,-3.8499991523368178,288.891899236034,-175.89798165393518,-1.2557154744911236,332.6372120174015
316.2251017230072,-13.26613043803268,302.3122750047818,-202.77561286733976,-9.43915617201,330.8977632322967
329.2864139361811,-25.216731589654817,-19.89890685219199,326.68052015268586,-0.9047826108878255,315.62651412817604
326.8452735017555,-31.580925882296775,-30.039000246711723,321.47201201203967,-26.362685868896154,319.9917131390389
319.35642836639215,-46.49529681330627,-31.960934296802673,320.3743790162406,-28.259319024840106,318.84214700133003
305.23902770368665,-68.98621007085237,-33.53712732054275,319.45195111160183,-29.839096045808613,317.92473199765647
307.4077675016304,-95.16409942067042,-34.943409751738045,318.6466447830827,-31.244489929082835,317.1160601678983
336.72045331347005,-91.69318574291563,-36.33799374657615,317.8526037794552,-32.639349299898676,316.3205767089243
357.78721742235797,-78.43882539478687,-37.74722639631834,317.0521559984705,-34.05017546641276,315.5210790232488
355.61733643958297,-84.36621360818378,-39.83035670722944,319.72486179568375,-37.73239912370545,315.4602048366481
355.0226221257787,-78.37433420049183,-41.49023047514916,332.1766839562486,-50.75034685588209,315.3238795328472
350.254849724328,-68.53938385484035,-37.413098203135576,349.8056013378363,-67.91471599139548,327.78751784255434
347.19449767605727,-70.883539230579,-34.45671557265578,366.79890584264115,-72.15846922958112,359.42547395283975
339.21242807154164,-85.09159070727732,-29.09210317338623,384.45710952114945,-56.12360672046149,388.02186221908784
328.5081503085466,-108.96163747875747,343.62113224375514,31.993290163542095,181.88953385652124,107.57191114075798
319.99107088989024,-143.3124671439618,346.59943312422,-7.760399965830358,170.1134389611988,89.2921987174467
318.52256676049234,-155.14252149892732,358.54572810928505,-34.74589296322447,189.2789569275807,85.31386020511933
307.99267170409007,-159.896526331231,376.9368508555152,-56.193314981087894,206.79377966278145,82.6812456435889
287.59388685680295,-166.44311950231173,223.98479429013403,71.07093787601377,53.10475703132803,178.29395874452229
256.913621427061,-172.60649753397465,245.89881021308474,45.88196238092249,45.12395846374195,204.0489034251523
217.54674685473316,-175.85836992444922,262.3028372730449,10.322170866788916,17.02323868105653,192.53984259322715
177.24485661094897,-173.72707840759097,276.72902547133015,-9.28314468014812,-10.241206678790704,164.2831705072138
140.00248433100256,-165.7984928446447,288.5207532841251,-20.433254753446285,7.3333084382891505,157.6005259339415
134.8658829864502,-163.49518344314134,299.6622389572037,-51.76025290320793,-3.0997955586929984,176.20157147105965
121.97966299684329,-154.9034779046254,335.29221969714956,-69.93505223264818,22.85663921639987,200.06764959965537
104.10758813819942,-136.94832739761844,370.59989721448085,-87.66318518270073,46.644537991632106,224.10706495951763
90.92578650002594,-116.06039029766309,61.61299080406569,243.45958043840955,-307.4814327800729,98.24084461201241
94.30624542854866,-122.42891152564495,76.43300154197387,274.8528515603988,-323.9211400345763,63.23079976185664
104.23834388945424,-136.3184783506675,97.80961107000314,307.518357918343,-336.4511447618236,38.55828371076471
123.03512239007262,-155.61051422391319,124.63398882251855,336.69362441465273,-366.4921080588748,56.54620510352096
152.9536445017167,-176.83297241880229,141.91373111201872,371.642493602568,149.33763493297494,-305.3142916987567
181.35816560015235,-189.06338100809555,165.413501535569,-318.4151492050966,84.8271993401877,-252.0628526061201
176.61520246329584,-194.50033639254,189.33213718517118,-346.33023571876885,46.29660565922141,-242.34600011072024
165.33638880635843,-207.3399657114382,8.928862477373448,-236.0449524474103,-202.7745405340574,-47.788195531451755
147.44411269311368,-227.51360239203277,-5.769956297752794,-263.25815895851923,-187.96271814092424,-16.069320518487043
136.0245181747857,-240.98445218784929,-16.200460155160062,-299.6479265801806,-170.17060553759526,-13.223989920952107
133.67969860695808,-250.27821583644925,-18.59604446851754,-338.77514008938925,-157.10893163863528,-23.689451121752768
129.02927374146833,-268.7720387622577,-22.021738454788405,-377.70925094809587,-143.60847560945052,-57.49509760486075
125.82159559150433,-271.1052384262064,-150.56302318460942,-69.70335204333453,94.5007035019738,128.10422436062254
130.63969092736764,-266.3612233648445,-156.34655515788026,-79.97917277187408,128.38959823377195,149.23797081579033
152.88849547774873,-262.4513404873745,-166.60719159843651,-90.55739454151133,152.32210278511846,132.80245997538788
180.93655953991336,-248.83790471547988,-178.99161582481184,-98.4159067185798,157.4596293376467,93.13619169262402
183.50265266084452,-229.7972130694534,-202.84739052287978,-120.68559116722425,169.75997106328978,63.57010233844979
158.68300508189859,-216.58329560898636,-198.10685661129344,-141.49460781779564,175.83896026727126,43.40116674237774
151.81271108371817,-211.31728797013312,-193.1067755257641,-147.31597630951003,181.773887983652,21.537945776872753
152.27971057644095,-198.296834414181,-191.67868528282713,-150.3640406114659,186.33363379796143,-1.6964100202284502
164.7351113418387,-179.40293739580528,-192.75879999089062,-146.9495160164386,183.38699407222674,-19.308843361820646
194.65483685981843,-168.47170518031174,-199.785462238883,-119.23226161462794,185.18941456698403,-32.68027218308784
225.8029747511292,-173.99156926479878,-220.4345726399977,-88.45489212203297,182.1744138369406,-50.50023087480843
231.44556889872905,-172.15427713419876,-225.5513259692471,-100.52162588561849,165.20784686601831,-80.38389019679195
243.47056391177475,-164.3797884470078,-220.11308205666342,-95.25924514100203,150.94649969085907,-110.35726043178207
265.2877347211674,-153.9758885613459,-223.8242733912533,-93.2919700052961,148.35038392977182,-116.17597251648904
287.6393772250533,-148.77022602350843,-221.81029914531635,-94.40168534595227,138.896926070645,-129.03328276262076
292.58179655368673,-143.51392782873302,-219.12968219790443,-86.7251568399122,123.11069108771372,-134.95669711727496
304.2673042224982,-131.0432838392051,-204.24798626447424,-82.58607891121538,111.95310531803888,-143.8141768938049
322.6690963199625,-111.33326252322853,-220.31838624034432,-87.5805693285049,112.71451141364456,-154.33675070381764
345.3176905419938,-86.89925398951254,-218.0261895545164,-83.95134117750614,107.71315688699801,-166.58620591355233
341.8886072155901,-84.19658562235611,-211.6790089445977,-84.33759946304403,88.04019077905639,-175.53038882629477
329.27020353916413,-76.64515717910963,-210.9364565031815,-90.92952571887342,89.92406190285135,-187.43690992111559
305.9457280450413,-69.32151566225302,-213.8119389188586,-88.45418280810367,97.1489417562101,-194.1927578007587
292.4544148839433,-71.83004521446732,-232.63528279237866,-96.76118443200528,96.12846586089043,-203.09257510523827
292.4749568566414,-81.3561915408129,-241.39583035800948,-107.93999471038633,98.53040071427878,-208.41742860156847
285.1888155333569,-99.26276709928455,-249.31010076627553,-113.87863253169253,102.03022931498035,-215.4307727075306
265.0937118395501,-120.42781687790357,-256.4456564129085,-125.06851042446712,102.72264280958161,-210.22102700992627
242.88621244641257,-135.68816673323136,-260.39473622180464,-132.3450042253373,95.28182600872266,-208.64615303245495
235.80374219341894,-138.47215029498,-265.203389425627,-138.11324614216042,88.87369303838922,-206.3843761023754
219.557068843564,-144.93516475875475,-266.1480568508331,-141.19122387306604,86.91283374005575,-202.7987130948799
194.16165390664506,-155.1156455435395,-267.22522770107014,-138.89311654923293,87.82902774736226,-205.93319864551975
159.78687005744627,-168.97420233671585,-254.20251684092335,-135.58487165591666,93.38701720478299,-214.6541394079804
149.3886119889298,-175.8284079000576,-236.46506534154673,-118.59178412189833,112.28353455896831,-229.92957736862743
153.28376012074932,-187.10721739478166,-222.2287451680411,-104.86306878418576,127.82827336053802,-211.33968230091205
154.85457594731594,-208.77650598803098,-219.4148475084225,-91.65949663522059,142.31360374702516,-191.6569589841976
142.7932638324669,-237.6345863805623,-217.9297408177049,-95.99903957836906,178.24197769905925,-184.3044851437184
115.46352200797236,-254.02508932814115,-218.3571768058396,-95.75759409874338,195.9939359996943,-194.9300820303222
89.61587273587246,-249.8742257441798,-215.9969670936248,-93.14683544809428,189.31570380400302,-217.80911029590646
91.82210958707505,-253.20984536715682,-219.0871482299878,-95.13156718104271,191.28942179408526,-227.27355705154312
100.17631827712448,-265.3193520673572,-217.91236384853323,-95.99443440391374,186.73685030245252,-236.06826180582868
111.57688393975458,-287.09285670443717,-218.59312768441808,-92.71626590733344,185.40288085457703,-242.75272081933247
122.82947007080602,-319.3466749111703,-217.98931731445649,-96.49715039619369,180.91966272243232,-247.26625393357912
123.08319831218057,-328.6219678023213,-217.49157723317163,-93.96520941366838,156.62471604628684,-248.62723930888285
113.47458201820565,-321.5094486439132,-217.3279158230209,-105.15308147685896,139.1217315564394,-239.7525622425551
96.33148444163149,-307.9959466250061,-218.47239778142333,-93.49855789259034,133.57705847821333,-220.32945870379675
72.30155239561971,-287.3191070575729,-219.81632868976772,-97.28953927103359,124.53600974441018,-208.90183729258348
47.12926243114798,-262.21457993076086,-219.87228344721385,-96.09071224804792,115.9118601221557,-210.71517087731885
43.38158733169127,-258.0353625267476,-213.77165596273989,-95.67637541202218,87.9243144805191,-228.16142285659626
37.178579602679704,-243.90028104680127,-218.70971576815083,-70.6385939422901,80.41997237536643,-236.28181183992606
34.81377058389018,-218.72518598918322,-238.78929720077105,-62.45745667094935,62.16424921491357,-244.0472766497169
41.41547959378755,-184.19169797421534,-245.26023058405045,-55.577840634007494,25.15191689586545,-249.30036460377332
58.2490419052211,-147.57463745096825,-251.29592264104062,-46.459978038303795,-14.340073118641184,-255.08216334993043
68.70361642489497,-130.29195563855848,-264.8959924904315,-45.21922679621849,-46.432735141548115,-268.0818181989028
64.22214616346633,-120.99957618707722,-272.4965374069394,-40.323046677044395,-65.59530801119415,-283.2144586468935
48.263600725731074,-109.03159516627782,-275.37610044773595,-24.004544928951454,-76.27754381126331,-282.4219035502526
22.65064367818649,-110.44230968984061,-280.0121871747863,-3.8846939684323427,-84.74425650604961,-280.8750180293237
4.047549048174178,-129.85310801737754,-285.51001817703,16.122976210049575,-96.23298438170542,-281.68167959396163
-1.2121113729791422,-130.6938048993978,-291.12719554558873,32.51924987573606,-107.60770273745594,-281.6970809377048
-13.25980986990493,-123.70128290597295,-294.8587329488746,36.957824072456155,-119.1664621597915,-281.7984364175655
-31.898536792847626,-112.49406164582503,-295.58927972022593,47.226408478527496,-130.03987825117025,-281.87730379389467
-29.704349836375215,-117.18663961213535,-296.1888994021258,64.97898260484631,-141.78592464586987,-282.1447429679202
-31.76554451992964,-131.3964786153606,-311.72802027234604,60.69526335288893,-152.5418490683934,-284.47260647127547
-49.56844203526571,-134.68418096935244,-328.94293305751927,64.4586553443804,-162.70892093593258,-290.2228601082028
-67.59726228222137,-123.98863347227608,-334.12234861838806,58.065341087078124,-168.86698523633865,-292.27823685610343
-71.33034304160896,-130.16279915293615,-340.81139912085246,51.96554861674537,-167.20502777816762,-292.30114162774686
-80.1989713041721,-144.7715441097453,-347.4997226841093,51.88498092382522,-162.36162469382023,-290.9694983357475
-94.11036113089384,-167.55814745555747,-378.48365177961307,58.76025586296598,-152.19340964211614,-287.55028615469433
-100.17250430843477,-176.68612098283245,-131.18344183955355,-281.60836080971507,187.4348924731213,285.31545724546135
-107.96913827256043,-185.7489299285566,-95.7811541899457,-281.66450974335686,187.81946838505652,245.3399007724514
-122.22807538670983,-202.27864626822773,-58.09428816295063,-268.98584292110655,192.16623683885354,205.5900844926708
-142.98029578859882,-226.24846015059632,-29.389532133701714,-264.83241404685947,199.82834744282965,166.34128555891044
-161.11228194059493,-247.22669204788997,-16.189562790630116,-276.893351016928,210.3355771033288,127.75377154197825
-164.30217188356818,-254.1358483004202,6.363030744254768,-292.868748635705,222.7316682100788,91.12461491136807
-171.33225658500552,-269.72594510743573,34.30427762301315,-298.077374608186,226.39432127947038,86.2060801441189
-175.41133525547292,-275.64977957137086,50.299108220499946,-293.69445541939984,230.2767801034186,72.12116219935024
-181.96163230934553,-281.41944720785864,61.10267836350137,-292.38535190313826,228.91626596446721,47.6403724340707
-178.7140769006574,-287.862240417983,63.9382544600097,-293.3541547705828,223.45762056247995,24.54726148490939
-171.06554048245658,-303.144128056392,54.629404638819565,-286.6360514642943,230.57735315722692,23.53434447300504
-167.21107244710072,-312.3774746109282,45.20456169760639,-285.5846926757972,247.39749041970384,26.195193286497
-175.86164576344288,-307.4037743302448,29.99216123798394,-288.3152835933962,272.44961227575715,36.08491891832301
-193.75078260488354,-298.8053802210923,1.6503526223473144,-306.8434783118948,302.51947512321175,52.72427123668271
-221.8834843153772,-289.2947053794888,-6.271214813684563,-341.3113896742236,312.6108517513789,59.48467571428231
-249.63119942535565,-286.4178077855906,-5.527794629086151,-379.7733640623677,322.3543975023741,67.07320568660647
-248.52996119394592,-279.69123088584684,339.8739097726631,80.74849750207184,-42.3806875758927,-256.1771114803615
-244.1401393176684,-263.59077857848115,357.4501421281957,72.47806921123977,-48.87366673279821,-277.73325604950344
-235.58505168926737,-238.47096841968045,373.18978416545554,61.40302656969658,-54.412730575171636,-296.2929012230193
-235.3225594393686,-210.45406593674028,376.6436391309664,57.426471989513296,-46.110909861692626,-309.29849554057654
-231.24386829819014,-206.01311626030835,377.73212535066887,46.551874784036066,-26.127279069798085,-321.0283485843478
-220.15511249159806,-194.6117027248337,370.1830205276235,44.528624036075456,6.375899849902229,-334.9397336776753
-201.71228284899885,-176.59957405321282,361.8110605660726,44.02400425241666,25.523242009198977,-369.44598783049963
-175.6097588267992,-152.31224005325595,344.2572281331838,39.10199206128467,236.71022412233845,-266.5325367284223
-145.35773311557787,-125.58845738904456,320.18397695495594,24.705634567702397,271.4921877542177,-278.53560637449175
-134.26853182777157,-116.07920138546957,295.67574631346463,-3.6811310783698366,293.3253805680637,-253.90813627584316
-128.38014506274735,-105.75618568521008,283.6344757420337,-39.114326367976496,306.5478077831603,-252.62039736302532
-125.01970745727048,-84.30223719323958,288.05133219532536,-67.7733488511977,314.72881721054375,-227.97848221159322
-130.46181264815078,-53.193528717347114,289.3699270119799,-76.30086468962722,310.5983285208388,-220.45709675167225
-144.90249817038062,-22.433413409004732,277.9310518307836,-74.67614952895835,294.97285223014234,-212.92122578449252
-150.1720920347563,-26.103380714163706,257.16578987244634,-69.39995185303378,266.5292683943973,-210.52270904772044
-162.37580232727143,-36.89307512057159,227.77789638881006,-58.63745368372866,228.81337680003344,-206.1073593240843
-179.5867164403587,-56.587236092243714,192.24389411753967,-41.369692898364164,204.93139514211268,-200.6966993516014
-199.01130844521742,-86.88983199002523,158.63530656888645,-19.92824112769084,202.37073942819825,-191.87113494341926
-213.36924732982715,-123.35800631586821,145.60726890830006,-7.9496867768431265,198.07628392836142,-173.3658063531888
-218.42275925284375,-124.11757396798237,154.2849533239978,-3.1078880198278496,196.4376275822624,-144.48287912768717
-230.5697596378474,-116.10349628430671,173.63342312739564,1.0399964395636532,198.53758427116387,-106.32340666738452
-242.22086209055925,-94.68277139514757,203.26178956603977,-0.3415199284847441,207.90389570391346,-67.12836413955084
-245.92521433025377,-61.92843047469941,240.607582441603,-10.311911188318417,230.02919691999801,-33.829145545015
-250.17240319627012,-59.517407786762895,279.2980604570876,-21.53125357714031,267.5281597057832,-24.59087929845371
-263.8332440300885,-55.64590425326181,316.3643411921959,-22.688990142889303,280.31608076800234,-32.34621679916152
-279.8865027942722,-38.08120718368801,339.0974320123765,4.039418685199537,287.4657385276536,-24.313141358679758
-286.02600482045165,-23.90700602352611,345.0676760865971,6.546888384499086,304.76153037795814,-13.282512605284888
-281.85282939585534,-14.841937480746372,344.8713803152282,-15.371923440854616,333.57964489822945,-16.254541646971674
-273.1230088985602,2.9906308169251443,345.8961297686786,-27.174539927091587,341.74216356058423,-27.827060976550662
-259.67095900987147,29.502990860520583,345.924364038891,-37.15345875631512,339.94906834319477,-37.642660393951
-241.80358801885083,63.87195043731457,347.0711503936194,-56.97224945970902,336.922089058114,-57.26552497721274
-222.8862832827963,99.56346592368739,348.4407820306585,-86.64599922659534,331.82673201469555,-86.55477031077278
-219.10394282729476,109.77647215101162,345.1162467723838,-125.21918713365251,325.3047069287558,-124.73538724760495
-226.39590208053295,100.43417087514918,339.8482176060971,-165.0524480975884,334.1550843978597,-163.9686988295885
-233.8020891820221,79.9481415674851,-90.81675951026044,213.70207903977217,-137.51982270552267,47.100808353415935
-239.49676782755586,48.779587527723734,-76.47415282729116,177.630183699726,-137.0433717075568,68.90096496530572
-242.70510010457238,11.017642151161072,-82.05031230290943,138.0297380768178,-134.85654429031175,105.36025586255933
-247.93201832505642,13.122343645592952,-75.7620300657855,127.73204174912102,-137.63467697984407,139.05584178947626
-262.1389724454481,19.343308941679663,-46.64202021361642,135.35073027466657,-142.76256368776535,133.7496447171779
-285.00755757456545,30.358725246443502,-21.438333670990676,131.50291908227206,-156.24484924777397,135.18735205633192
-316.00613635895576,47.1520991267308,-4.771631371558958,125.31509040116103,-168.17377868231281,132.98472157841107
-337.3459001755021,60.85276913954416,10.386921096202073,123.84696276881004,-172.85616159772633,127.63667633384296
-329.9242452578703,63.660766175445154,23.14589574153517,115.48801311250773,-174.19199652072646,120.20029173583514
-327.0633559004814,67.99483179760199,35.565076331993765,117.5132537685939,-175.68116393469276,114.93162072950383
-320.6120735128875,78.52587215908717,30.909355046396357,126.39242767366932,-174.5902148787453,124.23359643230005
-311.8889390488154,92.28495278561908,13.95525753689854,133.06240873015622,-172.65347805969037,152.97989455946504
-305.26689636227513,90.88334421130997,10.773355604092323,119.75201449054418,-173.5220388509239,189.17885138150027
-292.143858305242,80.81176867846787,6.392984849999176,111.27713738182922,-182.1549712562339,190.9514079095925
-283.23577264657337,61.65707082599939,1.1727053610206937,99.01042164211447,-175.84314403442596,202.32503224422948
-287.6767281228126,63.94941652827408,-13.203523178396875,84.5320915719129,-180.53889400650255,211.27569918985526
-292.06660203658214,75.52644240628784,-28.58979598770677,81.8082492343682,-186.2707830491102,222.26110018162177
-291.1681576261527,67.17583766134595,-48.03694956126141,78.43539956606676,-191.1309002682557,234.99775858725707
-290.4343669818234,48.92034146244346,-74.27641971997319,78.73745342838508,-198.84846697275185,251.37398985789113
-292.0027857269385,23.08831160124358,-102.37920341395728,78.32076985233729,-208.66981042738644,273.68389699075635
-294.78491944359655,18.73305388222856,-140.32836542986087,76.21930903158467,-222.271371100835,308.5602054562734
-303.8080176970405,6.606764526665773,-165.26267562220224,63.82866696043227,-283.6032365416354,124.40991562739418
-318.6990587503811,-13.46203911327859,-196.59770984000568,41.0274894508851,-272.73083052570325,85.91925629704109
-339.4249736558414,-41.497806055416554,-212.96334542303657,34.1369346738217,-259.21262537853465,50.7482488642377
-360.22244584056114,-69.82894407030538,-227.26142827246144,42.2272128324467,67.37474737507735,268.64931693358096
-358.7305639044086,-75.66427420588336,73.3437215039499,258.13206119730364,321.60884620594493,2.69653775379063
-352.60449117467215,-90.32840588622057,79.50192759946569,252.79801400176711,292.65431863969235,22.740500267551194
-336.26976926904393,-109.18381270535149,95.79478429716279,244.2312902446383,262.19677667630395,42.66600091536138
-304.23220573760875,-124.83154910452191,115.87056734143957,233.45898560199558,235.43171029061597,62.67126863426226
-267.82237906527024,-142.32657644605825,131.70993646278666,221.68798688258784,213.1664510655725,82.79783101129449
-232.27536057039705,-159.0583691001869,156.9825909473808,209.98574854813253,194.83750951684863,103.03603534224207
-232.6052014946441,-163.33162705577445,188.94988786005558,203.4974304784715,179.59601668745626,123.36357845553512
-234.85942674311534,-166.60901374535294,225.6522942324011,193.86798256494225,166.68332919320846,143.75915300868655
-237.79756752604214,-179.01067036579758,245.2956585704338,181.7775623268667,156.17559445429018,164.2254195163563
-241.39582440644327,-193.46022791794152,251.15855496962766,154.733328710819,147.75969041964083,184.7533029017935
-248.9450498808492,-192.6575439034676,256.6967185585152,132.76567700832996,140.49900009070234,205.31523553819684
-265.70784506989725,-187.73929686483473,263.8936594149344,127.29213487809263,138.33524152697842,213.13677218486362
-290.8712617465622,-177.02554783597674,272.6129050438916,133.94332095419654,136.93578667099786,221.27241028163783
-323.66159111806536,-159.7367214022855,280.8632813285304,145.06682476117362,135.57636885816672,229.68101398508867
-357.8970083209101,-138.32445124683247,286.001918388233,156.62957050378222,134.53737780744925,236.71531816935706
283.6697677684835,160.71132659237,133.84112378414318,242.15507638089332,-276.16679072467787,-9.7150576252484
271.5094369995281,143.8274166386487,133.4337123948347,246.21840782229359,-312.77633940967087,-19.363109163842587
277.72850108065853,111.637402568691,133.24936126254815,249.20794496727146,-304.18944084396054,-8.622947175663136
275.9316299006062,82.33681313392579,133.23050163177993,251.3968869048281,-302.9272581000366,8.43420348042992
272.5890714193939,44.447392416058804,133.0999968064839,252.8556422439808,-301.74204703192686,28.766033375578292
281.30454956115966,5.90617412338686,129.13189233580113,256.04778636028936,-291.1596891955083,43.11663455593478
310.70166879554966,-9.316723808673734,129.58793758969594,265.2017922587753,-257.68054285082513,51.19009690069541
345.27156970877763,-6.383657972463217,133.50019793184447,278.54352181770633,-220.37319484371233,58.266554427128696
381.97671306465577,8.089691578261757,139.53384169938687,294.69866584532,-209.23559748416852,22.095659534393665
146.94575674909387,312.78523797297385,-211.4360677635494,-16.967565995874967,-105.16106433910655,304.55200375471185
155.32875645469767,332.20309051119017,-217.73395633855745,-51.9893923685116,-93.61933273050661,319.80230495713363
164.4802904919967,352.5266928732005,-203.641423723104,-49.513954402512894,-82.97587976766827,320.32105117187
-195.31065000728506,-51.736530704395705,-78.30041980314859,324.12859233135055,-13.323407120107131,282.9116530267141
-190.70147992246908,-51.70712141308868,-66.37250108057424,334.64732801894036,-38.70541707040059,256.0141238497145
-179.8303377770779,-47.57692982527175,-52.75455513745524,348.3235763183573,-60.413862902223094,236.23599362450952
-180.31960523291264,-40.88320047329438,-48.70287545373462,354.11871888816853,-56.94890704280711,230.7999456271568
-185.28650625719789,-11.803959620434602,-42.594028605789475,350.27968622042255,-55.435652855803994,231.2745020568255
-205.91098539299873,10.885906406896169,-28.093719199563637,341.234864679862,-54.39978909328437,225.95192573844648
-210.74653251609357,11.520666516136815,-5.158250350837421,327.05479617492904,-55.133921477534265,226.10181363934626
-220.00148268080136,-5.6449863772299596,26.181409474992865,307.89340659960584,-55.64618045740212,219.58831647015828
-228.8860083931323,-13.288141673663098,55.500698031346296,290.26024556526727,-54.82147168699457,214.3807290387456
-237.9248340163832,-12.522216352488003,66.80348750383675,283.3849804078128,-49.093424664211696,226.27765318777563
-209.61766473989968,15.688949422006154,70.47857015187459,275.83884565095246,-22.98317539134611,249.3929093391582
-194.29523677853362,48.4709982916384,76.44413285069227,258.57517531229394,-12.183291376288478,256.1049338531361
-209.06933803419577,53.73062345091832,82.88637289098394,231.18294294857614,9.663321540092415,270.34812430112095
-222.37528737948165,50.652962488170004,89.43246149657091,194.946503997013,37.22177466978818,289.42310775986243
-240.15627954387418,43.12934855119362,104.53641930628848,177.6790619007691,62.09470282713468,314.55350755212646
-269.3618361588333,30.39063834030835,111.13416933602268,180.71348731886482,95.10481944155015,335.3320777365563
-275.24091520055003,2.203559863759425,112.01523344069071,184.75514916529679,132.9628869016994,340.7680939548251
-251.25847207453236,-29.809065495916986,118.00005502692908,192.92381440951905,146.272765739409,356.06611488638634
-244.1804907663186,-42.59535316599745,118.99357885785193,202.9894833211437,-2.388360098296464,-151.16198515304822
-249.5271276121758,-63.505745602295626,120.47019381028952,194.3193290029667,-10.887546343296627,-139.44371833837891
-256.4553530059748,-84.6388897483043,123.54720060489329,175.90464474692652,-30.266461054576986,-115.74640628800744
-276.885583403116,-111.59032188633019,128.14896927003193,147.73303366660664,-50.43594943270691,-118.4473312983668
-301.43610833791746,-141.2037730401155,134.1022354074266,110.22498792331969,-77.69293866315574,-118.30869396246683
-329.7330445145736,-168.7099850762816,139.68037186704277,73.52561743883912,-116.26026262486653,-117.75387575860476
142.3038817024595,55.09100829194529,-155.63549226038919,-122.43419593536514,-387.63903175964697,49.085988123749026
148.72797404191527,54.987987750499826,-194.77120803699657,-129.62750694285955,92.11094383659278,-278.19007237291476
146.81206940222782,57.580533836728684,-233.77858731329076,-137.99878168226263,110.25029088275755,-277.31793906845974
125.48619084937908,58.31677500014373,-271.72032190309,-150.49073094211613,142.28284662203916,-277.3511842554806
105.41948052799171,55.775529115903154,-308.86917464404115,-165.05308374955806,165.68498115434122,-275.6136346451019
111.43805761170275,60.37205411671423,-346.4903402781563,-178.59975687826645,164.39056850769182,-265.34053020905304
127.57187103427823,66.62378122115942,168.13591851723993,-246.3569433071753,-196.51543292515316,-9.359784518642288
143.11605149788218,68.82102534585994,177.0643300133988,-241.03988440606884,-180.1190174605966,26.818853937821043
148.81731007276585,64.04829244586396,193.6556293906196,-239.51629546027814,-172.85288062431664,66.12616742417795
150.08788522955507,48.407177766618986,226.3230746584379,-238.12318426274226,-168.60792841636447,105.8976013851145
155.8576369110162,35.39864841083969,234.48028094604496,-207.31149252876068,-165.22607555320542,145.75427824174707
159.49937535410143,28.89138387063737,221.7644017515091,-176.23043902660913,-161.82607389302768,185.60943024502444
161.34183504804605,19.08491052405669,221.52429660886997,-151.76499564534973,-158.73699926847993,219.06925616260855
166.15545519300574,-0.1506878482785653,221.18372307771574,-127.43008973319317,-163.61317274545095,223.83730304872424
173.32990346330777,-23.591139465644968,224.71784839759565,-116.19526845312198,-175.45447630595433,235.52023122274275
176.89488080700002,-31.8886991966123,227.50914101045373,-120.52689591043989,-190.12636258263322,250.2751067504761
177.67142342110418,-21.542810268592575,218.48112315127705,-115.89885103935235,-194.19043041651017,253.18940878835645
179.2859781359539,-1.3573025950611664,220.34674469650648,-80.69030624985646,-202.08565300818415,258.8169066318036
181.81534502521544,28.02018760767595,202.02699311286153,-53.49167765050206,-201.21350722878213,263.72018113101126
184.17293291874475,52.65689714587768,189.4263976638237,-17.846752926585776,-200.94309245401405,278.3921937085759
184.6472388742511,60.35302446182035,180.19135807610263,-7.562709761476521,-203.91414926834747,292.8309286909707
184.62079424105534,71.51219423178136,160.33430281076187,26.060772116046383,-210.9432056836713,297.3890228559527
187.1285150673215,92.38586804584338,139.2276010968167,59.861884638051315,-225.5478721925608,296.19320592284794
195.33581588498794,121.54726967064313,115.49071094347279,70.58756745170884,-242.7095865837851,281.0770481123704
208.2446775135046,144.62958732321607,116.23933862398236,66.68046692125485,-257.8393864448263,252.81678980531467
215.75885056059832,151.49314542019258,122.4726986560591,63.89873251742823,-268.7136874917338,217.8738032198296
220.84439894096485,155.49251496057306,125.62441864804309,67.8569234535733,-275.6160926614265,183.65818867549348
223.4380191889593,155.4750373388912,117.49838481141101,71.44703229588333,-277.95860398039514,155.5917599504601
215.33686004968033,153.5454038397561,141.23078584286534,55.32730697321068,-275.405054800017,136.10722204599418
197.81941694674708,157.9637343453145,175.2293999879359,34.2662306477166,-269.8999951148262,123.57366468089889
179.15922153315776,174.17757495883336,208.29791112735586,15.0535527617315,-263.4960353746092,115.31040953903354
173.22701676114033,185.6122931450477,217.9182257502213,4.4683010042273,-257.0839531535929,111.47839468662865
176.70091489748373,195.7785332211738,232.66226551849005,-14.209765288408914,-251.02485749997064,113.89231496904239
187.22871764694779,213.51133755635806,234.57780526466,1.911286988032548,-245.49219113128743,120.95914108223758
197.06138054546102,238.0411554858507,248.31028110404048,24.94592796283794,-242.28101552449814,121.73351912214878
200.55296312228873,254.03182772455338,248.2811432824651,53.479516580446656,-237.19942945216906,110.94341841974457
202.19225452280054,256.9386586733679,241.96092960697743,73.9089331741261,-232.50464044712285,89.66797630655499
201.23750544365188,258.4796785172653,218.0374957136812,89.85421295283062,-232.19939080037727,59.246947568310134
190.131975074662,259.629680446303,194.93555226648618,110.48769439822712,-239.00573127006143,27.79455390829303
169.23883241124753,262.1090671125157,159.84345164246935,125.534665228674,-253.18203809278486,2.1146439024288393
139.97711809167117,266.1955542947428,147.74536155803347,120.94707290578623,-271.67926070333476,-15.716339029485658
119.53980705997323,269.9188385392136,154.9548487893968,118.9319210020518,-290.367607442948,-27.77394723124526
117.88622142903134,268.6319671804499,158.47617417808485,123.70002113966112,-306.0295352774485,-35.97346603336801
125.33604626860043,259.29627557784346,162.69489695832624,128.40404242320864,-315.9360372942334,-39.25143678453475
141.00311606542044,244.11143535935477,170.94751887962465,131.41708116320362,-319.2343565729544,-37.89330772171592
164.58547276454053,224.7696568119178,193.50900285148316,134.70602389990572,-317.84292865112116,-34.0166557745866
178.9387509654367,213.1626543308376,223.40191278177147,122.19726891444101,-317.9621152553609,-30.940733041634918
182.43964104293306,210.9764187076918,246.95406935894445,90.51227350141085,-326.63840235480984,-23.93273073179362
191.5525082502307,204.02288862827936,253.22152260021497,63.812049437182026,-340.71738987568284,-9.355845097414633
212.19951237079138,198.71514047870824,225.346206178253,64.87251300115047,-346.1610745504344,15.366276844469052
240.9983755380772,200.2431869478711,190.74591075244686,62.013479192454994,-335.93640642230537,43.650421520455
259.77014329370957,204.5701467247841,166.86740685860195,74.05760218652244,-312.4447677808295,69.25645467581992
261.842332555631,205.5671117952833,179.26576219591985,86.12520564916383,-283.3175611244544,89.15880898047588
263.815424656297,214.8665880963395,199.59419611877027,89.7147703337084,-256.2801080979689,103.93027569042981
260.29080616521503,233.90061969250203,204.4151473270504,85.5701156619276,-235.4301785960882,116.75191277506809
247.2083228497249,259.0659625609291,210.19157910967533,85.54955928681876,-220.37756603720936,130.7273599527522
230.31128037916022,279.614358933504,212.7758498000971,87.39364678666212,-208.1027637478062,147.19594352677768
223.99562633175708,280.7926132947932,219.6535361947883,93.09328898496707,-206.38545639502283,152.7414421433985
207.87162732629557,283.17412250637966,234.5492069560789,103.58537039607216,-213.53036203465095,148.062756769579
181.84779564714495,285.966413710551,260.3647449055622,118.09593484702764,-222.31884152694698,130.82073260209475
145.89307361921843,288.31565808520173,297.1608451268953,130.0608916884572,-229.14151268268785,101.58341524818148
105.50998402125569,289.0890626246127,336.62270344272054,136.58934325478228,-233.58515161333983,66.39795232298512
65.15064949319039,287.5577633501284,-230.69879388462294,61.572386649857165,172.3030429408259,214.78384704905304
26.78766267045322,283.4952366006407,-217.56514960346757,64.84396981150365,179.45647874006295,209.00230401544206
18.508467805840013,285.3649371526907,-194.82474826260315,70.40288476023457,180.30446551892229,208.795414757093
29.451129610465493,297.063239642435,-162.54747882083225,77.95949979254559,173.40365723508683,213.5784526598102
37.80718551803945,307.8107021511163,-131.24014881088144,74.55471650003729,158.21459386123095,223.18045758166036
30.70801862141813,303.3205276708823,-119.40945995068157,61.93977928089797,155.17991426277482,220.89021350894265
15.214400670671154,293.6291538585914,-131.0596176896607,52.141273973328744,191.90212804864544,212.59557945009394
-8.72468506445406,278.8189871119276,-158.28842491204603,52.04926520862041,232.18758805938322,210.50919002688323
-40.85964889603893,259.16511596219954,-188.6854860499493,61.95066061100024,272.0461735093834,216.06366703913943
-70.97070383037752,241.0017449406054,-212.4377964929654,77.39945838670695,290.2474502476936,220.3004576850653
-79.95614147409243,234.6744831959522,-226.313909696739,92.37991856799626,292.7543650309842,210.6465619356008
-69.64993024204838,235.65134077654676,-232.8990482709302,102.9609307926651,285.91592949462466,194.2570888295905
-50.55427646961446,242.22854180726358,-237.1769508468862,108.50367568292731,262.0669595687304,176.5331392978666
-25.684220532228885,258.9302146157767,-243.48621687049402,111.10763973486753,228.04930146018296,158.13008961777098
-4.930379681165855,283.7980394928443,-243.34772305793413,107.55054749680241,200.6232063245938,151.82803313888573
1.0343589162857276,293.3911625035035,-238.8922968315341,94.35396966350457,196.2202770597972,154.720657097963
7.857847704819876,285.05865642630226,-229.97488538100427,72.56928588408636,196.99709926627375,158.7115225373654
13.221046717388912,265.7913602823415,-218.47397590720786,51.37712873890768,189.59135127970168,153.33502522111226
14.401437429778259,235.29761723204922,-208.68270120020046,45.83319094412326,179.26019186434522,137.47855362621794
14.513712877888354,196.16565564110445,-202.4780737804648,60.43602622578773,175.76526727684455,109.27354010151356
11.654507830377243,166.87682079391155,-199.66376135840596,88.23146264459997,180.47981682837172,90.94390632791014
9.440784040190495,163.02663859956317,-199.50129044833858,96.35034324909387,174.98737594689052,85.94879585303396
16.627638014187106,162.97018722116843,-198.6942777836903,109.85874574120366,165.0182759951352,70.16670811080043
29.563919522946957,166.85899943658126,-195.95621572614698,132.94923185715146,147.68377703521946,47.70231923575048
33.5288839615012,169.7503212465093,-191.09021675902284,161.43395270755124,134.00407708800344,37.984353697592155
24.7319039404543,164.68475379343636,-183.76023047815377,189.78604862243463,133.3692676219235,31.989830064289276
16.05428412478512,157.31593144720418,-170.9412872639798,214.76848488221302,129.56387786910273,16.56900114492378
16.565041611989354,157.2998045128999,-152.7085049319715,234.74407905306396,117.25605538656899,-5.2047039567543925
26.057767174302846,164.51117984587208,-131.88846446572788,251.03864775358477,102.56583819421414,-10.860391202510183
45.94756284211269,173.41180638131615,-111.06794418138601,264.8403365509978,104.08516066684764,-17.509002609032706
76.74302212525505,180.79292810089876,-90.57542533449474,271.7278287286714,107.84996834584946,-33.77396534827677
115.3751953187066,184.00877753457166,-70.64426480377864,269.6228939548875,113.93683039896263,-59.63733534904293
146.06096727692926,182.80931103811415,-51.301707927435736,260.6305609458226,120.5664230228633,-87.11146370817384
140.98772618437005,186.75096043407567,-32.45507463197803,247.55873553820538,119.48723387102763,-92.91731183956924
129.97887078149066,184.2178727519985,-23.88387286310376,242.74414709799962,114.05467759261289,-105.74431986270575
123.43895735252947,158.88088336040624,-24.23117558702433,253.46777313046996,104.83053176848438,-127.68954059217748
115.44717862962446,124.16669837458052,-25.833509695811085,272.97152341749575,92.40438722893072,-157.5625485301929
108.61697848237829,93.12902981239979,-23.935626870909744,288.9169438077053,87.24129737280923,-171.80117151728467
105.57235027396543,80.77672651609959,-20.000980073845636,287.7896636603017,90.69562371142749,-180.31724682868526
102.93344002770624,89.14278405935492,-15.94374813090919,268.0520367648202,97.96136309159094,-197.9434217896664
101.05163056442535,107.69273926933597,-13.103862865803801,237.08566869326583,109.18221976506962,-224.6028892327677
102.4878460241706,136.1808879839539,-12.85396113106173,216.84871462247773,119.47216650477957,-248.27692018050365
108.69548236132859,173.21279942987442,-17.97615994612464,209.3227461711841,119.47462944678801,-242.64525871004201
118.24339686391097,208.39192995943029,-20.77548916036586,190.60894664801685,121.75690912601587,-227.32546240396007
115.54554039944526,212.25408571785738,-16.172655992675796,170.8025482447829,130.90336676255146,-203.7289230021667
101.83112227548486,214.6701372575668,-4.3437611735967545,151.02607053698478,152.19402574630232,-179.43990246136494
79.32242430121138,220.19349960875252,13.627030889120896,118.82019303499021,164.24024671440043,-175.81980598055546
66.43168789130888,226.93465047239462,30.98227284981687,86.08514293836413,174.18590880130625,-179.95219287444058
68.07698237205827,230.40261405223353,25.916446789371157,82.81621983542593,193.22544193696405,-187.93415761130464
60.50487053046909,236.90048439875557,11.959087123132404,75.2119877365888,221.3237403958605,-199.8486134832647
45.80119978086849,247.50130589728252,-6.893888641301685,68.26729016932283,251.68308974208367,-212.94155389999602
34.50500801827813,252.76542331369563,-14.88698327869903,71.70794163774242,258.3803921541763,-216.37359973497166
37.4336625709629,254.38384288414915,-4.183889284299604,88.16304747941025,264.85671305843346,-220.34967706829627
50.861278173589845,258.0463951160683,21.984899760095498,113.55107788534525,263.3909630248747,-213.69316022677975
74.47236925020354,260.89065171338297,52.779451456349705,139.62342944423176,257.9139685186793,-197.93312746607404
108.08707373776801,259.5665882795547,55.55870588626959,144.3335580890559,246.23103635414927,-174.08802610784076
147.32236429730546,250.94537590882982,42.56659231298345,142.38545828580794,226.2668474313692,-143.68493513146936
183.42511163491503,234.1654073788629,20.17040961761745,137.12374737450756,199.6311653570003,-113.37146229676631
208.66549999308953,213.09268260682288,-9.315383215999011,126.32167064464451,169.83196257613992,-89.43565388210533
208.00513808264168,216.66792745448427,-30.425660523045245,112.0174136506863,161.87551988611932,-87.34146783060713
214.04575222170098,230.01270077608612,-29.793861316665126,98.96218564584672,149.15225020211003,-91.87647649747755
230.72935684086764,247.92905113355602,-8.108323923305718,89.8162071808664,129.20335838689218,-104.05432908861113
259.60171424136524,263.15147658760617,24.640096709090898,84.61453690641235,104.55257744371679,-126.35224187621006
283.22906909450455,265.7630687901102,42.35065851858633,81.69056198223302,80.71702708521912,-157.14479562554752
278.76320416779583,260.3896275825306,42.013848407020575,71.77888869708889,73.16454157117427,-164.92639699725436
261.93230653873616,263.1333041546696,33.599938158646125,53.96344715097547,60.970692185787556,-162.9687733991267
236.60333077978066,271.1376963028101,11.79690746352462,35.15335300179924,39.04374748119558,-159.3412987385945
220.47066626198125,282.47202864857877,-20.857131589819062,24.085613105854218,7.40698805467419,-153.90797651541908
221.58518169254734,288.2713633352163,-57.398241126292184,23.898254094841608,-25.989783514600454,-147.8513073814614
226.6131066125033,284.16107320950556,-90.81933729524911,31.56744300249651,-28.240648519103416,-144.22151463027063
243.15494132941157,274.69796666694987,-113.31310784511908,41.54127200899458,-18.611579123634936,-135.35151949491456
265.1892234260678,256.0386763893998,-122.88474426324963,47.87080051089835,2.0914869347951655,-125.50790089572854
287.3935354380433,227.26591825786804,-112.93067813881353,47.336343350653536,34.53607084124601,-120.92390736052978
298.655610254038,201.86958683273585,-93.71293026135686,43.23836896186443,73.90025235763962,-126.80416842645884
301.2740182318926,195.4610565360996,-70.78084532081903,34.22750076770856,90.99903693967595,-131.76662960940916
309.25426854059197,184.53363566582783,-52.26351887334452,22.38762648011127,95.72681714782011,-122.81897154651486
324.7411406725617,166.99297972089715,-39.30139534187919,12.886063650286204,99.13174913968021,-120.91576302379417
347.2021338727686,147.17145496082037,-29.264752882405986,8.214779032632686,98.60060102259571,-114.1226354081296
363.7099784720166,138.20195532918103,-19.401630157604707,7.719315481684231,94.24886971490076,-99.1550860216042
362.32958667196397,133.64581181932184,-19.771598858462163,7.157643273762123,89.30223585913895,-94.71242984096929
356.5690168623099,120.0998884019706,-32.131729897495575,4.049238612749756,81.35406753866934,-99.0932424848378
346.8776228913524,97.4947821744699,-54.07255771457393,-1.4520748730217015,78.20756442173378,-100.05485034334899
333.5047305304529,66.16441860396165,-85.59841967364204,-9.32893843580227,74.03565176090338,-108.2427347172902
322.1208858916993,39.30254958767926,-124.28995432889289,-18.953345015737973,66.38144116649025,-125.69706673887151
318.7261797451164,30.408818548335866,-137.8002011091231,-20.038628568443528,63.238600022428564,-140.1547897526587
318.9203979521022,20.452006946548792,-143.47007599343232,-9.559382392566194,61.92808666556083,-144.25834211187723
323.68086509801213,1.2198674260891529,-146.9814220625815,11.795521785794032,58.11526310783571,-158.05333829159213
336.9592063685165,-25.313802110622426,-139.22892771604705,38.62896979312696,55.24449137614577,-182.05741062699855
361.18470287135153,-55.44643955637795,-116.34283376690345,58.88474715590409,56.72664837919793,-216.05904814462056
388.15188853210475,-79.78765996958576,-82.46000468685476,66.78275191252412,65.5853027877724,-255.30690363567794
-45.345359420527444,63.994151124847505,82.48326186379136,-291.90644578337526,-270.4535840769333,-266.3341498992555
-11.827762793809823,56.08356838943733,107.21191761787578,-323.73396417828184,-42.47996839150635,325.0433035525662
13.328346581154324,46.28154683990864,134.199458403278,-346.1216325715504,-43.20734652638761,336.3849106425987
28.26674751376082,36.45259156316235,138.29017308233836,-341.69141966527496,-54.707765975408016,363.902123576104
35.92027156573248,28.126512783307138,149.0017433051895,-329.9342790737738,-316.1723942154756,-48.80425766403379
40.173211664038185,22.898733694029506,166.2451510818456,-310.7699548430405,-330.82309083708935,-51.208019103670495
44.79372627333359,16.422906136002165,189.9422048130602,-284.12928241366745,-328.8697654680974,-48.49133848957766
59.77277600027421,7.938154448412195,216.6276059363482,-253.8036928383617,-323.2856985371796,-42.64833766557826
83.46159966557008,7.929259965156266,243.15153342729323,-223.33676569622594,-317.6280954524271,-34.551259202876665
109.638605240293,21.238193566707327,269.5214151264761,-192.7364046689155,-312.6818863154125,-24.840071547199624
132.96382792206595,45.181020948408054,295.7412739388252,-162.0074089115532,-308.47465445619656,-13.976373749722352
151.10336698366336,73.13617708346335,321.1028799985388,-130.57710537417975,-304.8644806970691,-2.2907641082183257
164.94426572505742,98.80149438968444,341.4306174018872,-95.76610264414455,-301.7011471299984,9.980686288743788
177.70400481218758,119.18472333294015,353.4628633635919,-57.28501617403018,-302.10020280324477,15.688551632960186
189.58974086210648,134.60036510264771,357.47579448340815,-17.156039947872205,-311.65026221440934,18.34055017575257
187.05164234381638,129.13063695626414,353.72739597620864,23.006626679618883,-323.391709840174,25.92791827866617
172.26530925998802,129.48755929346672,343.32578985260955,61.34416960356609,-334.03288053174657,38.014912472187824
150.79033274423605,143.58889101164556,337.6718832606555,66.82790478281919,-342.92806633330895,53.62188161204912
128.97070933478918,167.54530116636508,325.42199335705686,62.07544462374188,-350.2629914439431,71.8344144443885
117.64098413028036,192.805135870126,306.27384191610645,55.424925477250525,-356.371957757107,91.93081863253522
120.6564660990727,211.77570454493667,299.5838845739666,55.35325458837846,-361.2690595879874,113.41942959719083
134.15653825064675,222.18713058288026,288.7104877116093,61.2053440054658,-364.49941903631907,136.03977134532624
150.7911172640723,226.37448649093906,270.0183282969328,73.21127608247201,199.71453096091577,-333.10119837699176
164.28248430553253,229.02859643357996,246.85150332847766,93.60452119813846,24.23878926979727,-6.01257384356819
173.24929708658894,235.32988468035597,241.11083498421223,105.18785975165032,-1.6225817413460346,24.195623904593194
179.20824605018018,247.11102036722124,234.31772564463205,100.95492357413968,-33.62379373331197,40.15091480862107
184.36513507032743,263.06485454237674,218.41782459526274,92.80098699070825,-37.312418067090846,36.19241845950615
183.7011459969137,263.64513168190985,202.68867698156757,89.30362289203137,-51.098888118932166,29.741199611741695
177.08721106305254,252.29178427682712,199.3453835672094,92.686939883881,-57.58297578701456,30.190489701550888
166.2377234495224,231.9962402355399,188.9567199182431,101.96651444285045,-65.60045553713661,23.15254642018789
152.0244774924189,202.33956781124968,171.67083171776915,118.33174922681945,-83.72206363029775,15.359612588708504
136.91617421377248,165.55743811537926,149.47084266612086,141.28119928185188,-92.6445317802554,35.73425480033105
117.36744491025304,139.0065636552152,140.83486474604388,151.90671149257776,-84.26543314392019,59.01263485934207
88.43652190805264,163.9655274563725,136.32337738231004,159.91311849319575,-79.92581089236617,66.20095913003126
76.02844506093659,202.33923882863536,126.9995810452018,176.54263691505952,-71.47206881932689,82.40147877608423
67.80169469571048,241.88260837611114,112.90977580885429,201.82109544173366,-59.26415164352063,107.76579039208171
61.13516571190513,281.6004964044404,94.39341923931451,235.2862229130276,-43.60754660864042,142.0530247155781
58.379695938254756,294.45812717246895,73.26609092879244,269.67062450768594,-27.447363438232767,178.8770855797755
55.16100414425265,296.67856531287345,55.81890677533933,292.9764694180473,-23.18014205971105,175.90864926447608
54.90855647086187,297.19833015238044,55.13085717868638,293.2010124419574,-8.577868826221817,172.68724487527817
54.609645380645915,299.13124212547353,53.66708196831551,294.5806766466989,14.360184433228747,181.47742983029562
54.50647179783087,309.84646763541997,50.62871896469344,295.96292003058653,34.057192372640664,208.88680078499655
55.44155564621024,330.40234365251,41.0021486997432,292.0976837856922,38.449961477990755,214.465272372668
62.2398959663493,356.79405530652053,22.694032608395315,284.2651349929647,41.93556965420246,202.30524251772005
